Workbook

Sheet Basic Stats
A1: Basic Cleerly Statistics from the Keto-CTA study in 2021-2024, hight of Covid Pandemic time frame.
A2: (this report is independent of the Lundquist institute and Dave Feldman)
A3: Chart | B3: Set | C3: N | D3: Mean X | E3: Mean Y | F3: SD X | G3: SD Y | H3: Annual Change (Slope) | I3: Y-Intercept | J3: Max X | K3: Max Y | L3: Min X | M3: Min Y | N3: p-value
A4: Tcpv0 vs. Tcpv1 | B4: Eta | C4: 17 | D4: 67.34706 | E4: 82.15882 | F4: 12.89579 | G4: 13.90437 | H4: 1.06137 | I4: 10.67851 | J4: 209.2 | K4: 215.4 | L4: 0 | M4: 0 | N4: 0.0001 | P4: Total regressions calculated 50240
A5: Cac0 vs. Cac1 | B5: Eta | C5: 17 | D5: 180.29412 | E5: 223.29412 | F5: 34.6864 | G5: 43.64879 | H5: 1.23466 | I5: 0.69135 | J5: 556 | K5: 768 | L5: 0 | M5: 0 | N5: 0.00025 | P5: Log mismatch regressions skipped: 14400
A6: Ncpv0 vs. Ncpv1 | B6: Eta | C6: 17 | D6: 183.34118 | E6: 249.84706 | F6: 29.35278 | G6: 38.26224 | H6: 1.27816 | I6: 15.50774 | J6: 450.6 | K6: 606.5 | L6: 0 | M6: 0 | N6: 0.00029 | P6: Inverse Ratio regressions included: 13050
A7: Pav0 vs. Pav1 | B7: Eta | C7: 17 | D7: 0.08276 | E7: 0.10588 | F7: 0.01102 | G7: 0.01326 | H7: 1.17972 | I7: 0.00824 | J7: 0.156 | K7: 0.2 | L7: 0 | M7: 0 | N7: 0.0003 | P7: Uninteresting regressions included in calculated (See Dust.IsInteresting flag): 15220 | AD7: λλ
A8: Tps0 vs. Tps1 | B8: Eta | C8: 17 | D8: 5.11765 | E8: 6.29412 | F8: 0.73889 | G8: 0.84208 | H8: 1.00463 | I8: 1.15278 | J8: 13 | K8: 14 | L8: 0 | M8: 0 | N8: 0.09987 | P8: Total interesting regressions: 8219
A9: Ncpv0 vs. Ncpv1 | B9: Gamma | C9: 48 | D9: 20.56042 | E9: 38.54583 | F9: 3.17748 | G9: 5.22728 | H9: 1.52236 | I9: 7.24558 | J9: 101.1 | K9: 156.6 | L9: 0 | M9: 0 | N9: 0.021 | P9: Interesting remaining regressions: 8219
A10: Pav0 vs. Pav1 | B10: Gamma | C10: 48 | D10: 0.007 | E10: 0.01365 | F10: 0.001 | G10: 0.00183 | H10: 1.55677 | I10: 0.00275 | J10: 0.025 | K10: 0.052 | L10: 0 | M10: 0 | N10: 0.11987
A11: Tcpv0 vs. Tcpv1 | B11: Gamma | C11: 48 | D11: 0.18333 | E11: 0.46458 | F11: 0.08856 | G11: 0.14874 | H11: 1.38755 | I11: 0.2102 | J11: 3.1 | K11: 4.5 | L11: 0 | M11: 0 | N11: 0.15787 | P11: Calculated Subset Regressions: | Y11: Calculated | Z11: Subset Regr | AA11: essions:
A12: Tps0 vs. Tps1 | B12: Gamma | C12: 48 | D12: 0.04167 | E12: 0.14583 | F12: 0.02946 | G12: 0.05203 | H12: 0.8913 | I12: 0.1087 | J12: 1 | K12: 1 | L12: 0 | M12: 0 | N12: 0.56996 | P12: Set | Q12: 0-0.2 | R12: 0.2-0.4 | S12: 0.4-0.6 | T12: 0.6-0.8 | U12: 0.8-1.0 | V12: NaN | W12: reconile | Y12: Set | Z12: 0-0.2 | AA12: 0.2-0.4 | AB12: 0.4-0.6 | AC12: 0.6-0.8 | AD12: 0.8-1.0 | AE12: NaN | AF12: reconcile
A13: Cac0 vs. Cac1 | B13: Gamma | C13: 48 | D13: 0 | E13: 0 | F13: 0 | G13: 0 | H13: NaN | I13: NaN | J13: 0 | K13: 0 | L13: 0 | M13: 0 | N13: 1 | P13: Omega | Q13: 209 | R13: 386 | S13: 865 | T13: 1945 | U13: 2875 | V13: 0 | W13: =SUM(Q13:V13) -> 6280 | Y13: Omega | Z13: 2964 | AA13: 3735 | AB13: 6600 | AC13: 11190 | AD13: 8649 | AE13: 0 | AF13: =SUM(Z13:AE13) -> 33138
A14: Tcpv0 vs. Tcpv1 | B14: Omega | C14: 100 | D14: 18.694 | E14: 22.701 | F14: 3.75625 | G14: 4.27434 | H14: 1.1276 | I14: 1.62159 | J14: 209.2 | K14: 215.4 | L14: 0 | M14: 0 | N14: 0 | P14: Alpha | Q14: 288 | R14: 483 | S14: 1098 | T14: 1920 | U14: 2491 | V14: 0 | W14: =SUM(Q14:V14) -> 6280 | Y14: Alpha | Z14: 3387 | AA14: 4218 | AB14: 7394 | AC14: 11691 | AD14: 8491 | AE14: 0 | AF14: =SUM(Z14:AE14) -> 35181
A15: Cac0 vs. Cac1 | B15: Omega | C15: 100 | D15: 50.28 | E15: 58.79 | F15: 10.13663 | G15: 12.09795 | H15: 1.1803 | I15: -0.55542 | J15: 556 | K15: 768 | L15: 0 | M15: 0 | N15: 0 | P15: Beta | Q15: 75 | R15: 187 | S15: 593 | T15: 1822 | U15: 3603 | V15: 0 | W15: =SUM(Q15:V15) -> 6280 | Y15: Beta | Z15: 2006 | AA15: 2754 | AB15: 5342 | AC15: 12665 | AD15: 10850 | AE15: 0 | AF15: =SUM(Z15:AE15) -> 33617
A16: Ncpv0 vs. Ncpv1 | B16: Omega | C16: 100 | D16: 75.879 | E16: 107.374 | F16: 8.87405 | G16: 11.3245 | H16: 1.25055 | I16: 12.4832 | J16: 450.6 | K16: 606.5 | L16: 0 | M16: 0 | N16: 0 | P16: Zeta | Q16: 166 | R16: 315 | S16: 657 | T16: 1811 | U16: 3331 | V16: 0 | W16: =SUM(Q16:V16) -> 6280 | Y16: Zeta | Z16: 1173 | AA16: 1796 | AB16: 3260 | AC16: 6504 | AD16: 5512 | AE16: 0 | AF16: =SUM(Z16:AE16) -> 18245
A17: Pav0 vs. Pav1 | B17: Omega | C17: 100 | D17: 0.03213 | E17: 0.04385 | F17: 0.0038 | G17: 0.00458 | H17: 1.17429 | I17: 0.00612 | J17: 0.156 | K17: 0.2 | L17: 0 | M17: 0 | N17: 4e-05 | P17: Gamma | Q17: 29 | R17: 72 | S17: 198 | T17: 613 | U17: 2154 | V17: 3214 | W17: =SUM(Q17:V17) -> 6280 | Y17: Gamma | Z17: 503 | AA17: 506 | AB17: 640 | AC17: 1402 | AD17: 1715 | AE17: 0 | AF17: =SUM(Z17:AE17) -> 4766
A18: Tps0 vs. Tps1 | B18: Omega | C18: 100 | D18: 1.66 | E18: 2.17 | F18: 0.26232 | G18: 0.3054 | H18: 1.09243 | I18: 0.35656 | J18: 13 | K18: 14 | L18: 0 | M18: 0 | N18: 0.00846 | P18: Theta | Q18: 59 | R18: 201 | S18: 705 | T18: 1859 | U18: 3456 | V18: 0 | W18: =SUM(Q18:V18) -> 6280 | Y18: Theta | Z18: 1371 | AA18: 1397 | AB18: 3069 | AC18: 8033 | AD18: 6814 | AE18: 0 | AF18: =SUM(Z18:AE18) -> 20684
A19: Cac0 vs. Cac1 | B19: Theta | C19: 23 | D19: 37.69565 | E19: 41.30435 | F19: 14.04133 | G19: 14.14629 | H19: 1.0065 | I19: 3.36367 | J19: 295 | K19: 300 | L19: 0 | M19: 0 | N19: 0 | P19: Eta | Q19: 110 | R19: 293 | S19: 521 | T19: 1965 | U19: 3391 | V19: 0 | W19: =SUM(Q19:V19) -> 6280 | Y19: Eta | Z19: 2115 | AA19: 3274 | AB19: 6364 | AC19: 12934 | AD19: 10001 | AE19: 0 | AF19: =SUM(Z19:AE19) -> 34688
A20: Tcpv0 vs. Tcpv1 | B20: Theta | C20: 23 | D20: 14.58696 | E20: 18.73478 | F20: 4.82196 | G20: 5.48658 | H20: 1.1091 | I20: 2.55643 | J20: 98.4 | K20: 109.1 | L20: 0 | M20: 0 | N20: 0.00043 | P20: BetaUZeta | Q20: 65 | R20: 149 | S20: 462 | T20: 1514 | U20: 4090 | V20: 0 | W20: =SUM(Q20:V20) -> 6280 | Y20: BetaUZeta | Z20: 2029 | AA20: 2771 | AB20: 4974 | AC20: 11638 | AD20: 11151 | AE20: 0 | AF20: =SUM(Z20:AE20) -> 32563
A21: Ncpv0 vs. Ncpv1 | B21: Theta | C21: 23 | D21: 103.11304 | E21: 141.19565 | F21: 16.12249 | G21: 18.28592 | H21: 1.07962 | I21: 29.87309 | J21: 290.2 | K21: 319.7 | L21: 0 | M21: 0 | N21: 0.00734 | P21: reconcile | Q21: =SUM(Q13:Q20) -> 1001 | R21: =SUM(R13:R20) -> 2086 | S21: =SUM(S13:S20) -> 5099 | T21: =SUM(T13:T20) -> 13449 | U21: =SUM(U13:U20) -> 25391 | V21: =SUM(V13:V20) -> 3214 | W21: =SUM(W13:W20) -> 50240 | Y21: reconcile | Z21: =SUM(Z12:Z19) -> 13519 | AA21: =SUM(AA12:AA19) -> 17680 | AB21: =SUM(AB12:AB19) -> 32669 | AC21: =SUM(AC12:AC19) -> 64419 | AD21: =SUM(AD12:AD19) -> 52032 | AE21: =SUM(AE12:AE19) -> 0 | AF21: =SUM(AF12:AF19) -> 180319
A22: Pav0 vs. Pav1 | B22: Theta | C22: 23 | D22: 0.03752 | E22: 0.05265 | F22: 0.00553 | G22: 0.007 | H22: 1.19393 | I22: 0.00785 | J22: 0.097 | K22: 0.121 | L22: 0 | M22: 0 | N22: 0.01291 | AG22: =SUM(AF13:AF19) -> 180319
A23: Tps0 vs. Tps1 | B23: Theta | C23: 23 | D23: 2.04348 | E23: 3.26087 | F23: 0.45217 | G23: 0.54248 | H23: 1.07865 | I23: 1.05668 | J23: 8 | K23: 10 | L23: 0 | M23: 0 | N23: 0.06312
A24: Tcpv0 vs. Tcpv1 | B24: Zeta | C24: 12 | D24: 31.68333 | E24: 35.01667 | F24: 14.47194 | G24: 15.46461 | H24: 1.06589 | I24: 1.24566 | J24: 128.6 | K24: 140.7 | L24: 0 | M24: 0 | N24: 0
A25: Cac0 vs. Cac1 | B25: Zeta | C25: 12 | D25: 91.33333 | E25: 94.41667 | F25: 37.59931 | G25: 40.82566 | H25: 1.07693 | I25: -3.94301 | J25: 360 | K25: 353 | L25: 0 | M25: 0 | N25: 3e-05
A26: Ncpv0 vs. Ncpv1 | B26: Zeta | C26: 12 | D26: 92.71667 | E26: 116.025 | F26: 18.06156 | G26: 22.31757 | H26: 1.20416 | I26: 4.37942 | J26: 193.3 | K26: 245 | L26: 0 | M26: 0 | N26: 0.00266
A27: Tps0 vs. Tps1 | B27: Zeta | C27: 12 | D27: 2.5 | E27: 2.33333 | F27: 0.8767 | G27: 0.76421 | H27: 0.82796 | I27: 0.26344 | J27: 8 | K27: 7 | L27: 0 | M27: 0 | N27: 0.01972
A28: Pav0 vs. Pav1 | B28: Zeta | C28: 12 | D28: 0.05058 | E28: 0.05992 | F28: 0.01106 | G28: 0.01121 | H28: 0.94322 | I28: 0.01221 | J28: 0.113 | K28: 0.121 | L28: 0 | M28: 0 | N28: 0.04286
A30: 📚 A Quick Regression Refresher (For the Non-Statisticians)
A31: Bear with me while I briefly over-explain this for those unfamiliar with regression…
A32: Linear regression is one of the most common statistical tools used to see how two sets of numbers relate to one another. It’s basically a smart average — a line of best fit — that helps reveal how one variable tends to increase or decrease in relation to another.
A33: Although the method of least squares was developed in the early 1800s by Gauss and Legendre, the term "regression" as we now use it in statistics was popularized in 1886 by Sir Francis Galton in his paper, “Regression Toward Mediocrity in Hereditary Stature.”
A34: In modern terms, a bivariate regression (two variables) compares:
A35: An independent variable (X) — the “regressor”
A36: A dependent variable (Y) — the one that changes in response
A38: You measure:
A39: Their means, standard deviations, and range (min/max)
A40: How much Y seems to "follow" X — that’s the slope
A41: How tightly the points hug the line — that’s the R² value
A42: And whether the correlation is statistically significant — via the p-value
A45: Data Set | B45: N
A46: ζ Zeta | B46: 12
A47: γ Gamma | B47: 48
A48: θ Theta | B48: 23
A49: η Eta | B49: 17
A50: Ω Omega | B50: 100

Sheet Sheet4
A1: - | B1: - | C1: TdCac/DCac vs. GeoMeanTps/DCac - BetaUZeta | N1: - | O1: - | P1: Ln(MinNcpv/DNcpv) vs. TdNcpv - Gamma | Z1: - | AA1: - | AB1: TdCac vs. TdNcpv - BetaUZeta
A2: - | B2: - | C2: MeanX: 0.4149 moeX: 0.0351 StdDevX: 0.1142 Slope: 10.2520 StdErr: 6.3466 p-value: 0.113903 N=43 | N2: - | O2: - | P2: MeanX: 1.7697 moeX: 0.1083 StdDevX: 0.3520 Slope: 0.1454 StdErr: 0.0577 p-value: 0.015693 N=43 | Z2: - | AA2: - | AB2: MeanX: 3.5297 moeX: 0.1790 StdDevX: 0.5369 Slope: -0.6646 StdErr: 4.4930 p-value: 0.883257 N=37
A3: Id | B3: GeoMeanTps/DCac | C3: TdCac/DCac | N3: Id | O3: TdNcpv | P3: Ln(MinNcpv/DNcpv) | Z3: Id | AA3: TdNcpv | AB3: TdCac
A4: 81 | B4: 3.8729833 | C4: 55.79763 | N4: 45 | O4: 13.513407 | P4: 2.2024542 | Z4: 76 | AA4: 0.93356645 | AB4: 1.6509249
A5: 87 | B5: 2.4494897 | C5: 17.674687 | N5: 6 | O5: 5.4883739 | P5: 1.0371029 | Z5: 78 | AA5: 0.96976666 | AB5: 3.8452245
A6: 92 | B6: 1.4696938 | C6: 8.2482573 | N6: 27 | O6: 7.0702155 | P6: 0.86230321 | Z6: 64 | AA6: 1.0266371 | AB6: 11.260086
A7: 77 | B7: -0.42857143 | C7: 5.0428374 | N7: 44 | O7: 4.7048941 | P7: 0.71476791 | Z7: 87 | AA7: 1.1859528 | AB7: 35.349374
A8: 91 | B8: 1.2 | C8: 3.3682198 | N8: 36 | O8: 2.9902604 | P8: 0.47687048 | Z8: 97 | AA8: 1.5214246 | AB8: 4.9925449
A9: 64 | B9: 0.35355339 | C9: 2.8150215 | N9: 24 | O9: 1.2555454 | P9: 0.45028106 | Z9: 96 | AA9: 1.6475078 | AB9: 2.1458241
A10: 90 | B10: 0.45643546 | C10: 1.8963811 | N10: 42 | O10: 0.58268028 | P10: 0.43071988 | Z10: 81 | AA10: 1.6703212 | AB10: 55.79763
A11: 63 | B11: -0.23570226 | C11: 1.2506266 | N11: 21 | O11: 1.6216093 | P11: 0.35585775 | Z11: 82 | AA11: 1.770968 | AB11: 5.2423129
A12: 57 | B12: 0.5 | C12: 0.85475565 | N12: 31 | O12: 0.69086587 | P12: 0.33929845 | Z12: 85 | AA12: 1.8269386 | AB12: 5.3028537
A13: 97 | B13: 1.2777531 | C13: 0.7132207 | N13: 22 | O13: 0.5 | P13: 0.3384484 | Z13: 99 | AA13: 1.8904726 | AB13: 2.0510717
A14: 71 | B14: 1.2247449 | C14: 0.67845772 | N14: 40 | O14: 1.7780309 | P14: 0.33589402 | Z14: 94 | AA14: 2.0565491 | AB14: 3.6975155
A15: 61 | B15: 0.25 | C15: 0.47124046 | N15: 18 | O15: 1.0689931 | P15: 0.32378595 | Z15: 57 | AA15: 2.1462626 | AB15: 1.7095113
... A40: 96 | B40: 0.037735849 | C40: 0.010121812 | N40: 43 | O40: 0.8866646 | P40: 0.096290164 | Z40: 72 | AA40: 18.969584 | AB40: 1.9900484
A41: 2 | B41: 0 | C41: 0 | N41: 25 | O41: 0.54839524 | P41: 0.093014081 | Z41: Regression Set Mean X moe X Mean Y moe Y Slope StdErr xStdDev p-value
A42: 55 | B42: 0 | C42: 0 | N42: 15 | O42: 0.70432789 | P42: 0.091931758 | Z42: TdCac vs. TdNcpv Eta-17 2.950 0.262 4.493 0.641 0.0059 2.6042 0.5099 0.998224505
A43: 56 | B43: 0 | C43: 0 | N43: 23 | O43: 0.59516116 | P43: 0.087304724 | Z43: TdCac vs. TdNcpv Omega-37 3.530 0.179 6.016 0.791 -0.6646 4.4930 0.5369 0.883257022
A44: 59 | B44: 0 | C44: 0 | N44: 29 | O44: 1.5840299 | P44: 0.087252582 | Z44: TdCac vs. TdNcpv BetaUZeta-37 3.530 0.179 6.016 0.791 -0.6646 4.4930 0.5369 0.883257022
A45: 69 | B45: 0 | C45: 0 | N45: 58 | O45: 1.2386126 | P45: 0.077183499 | Z45: TdCac vs. TdNcpv Alpha-32 3.628 0.224 8.011 0.840 -0.7046 3.8103 0.6202 0.854535546
A46: 89 | B46: 0 | C46: 0 | N46: 48 | O46: 0.50836634 | P46: 0.058390303 | Z46: TdCac vs. TdNcpv Beta-32 3.628 0.224 8.011 0.840 -0.7046 3.8103 0.6202 0.854535546
A47: Regression Set Mean X moe X Mean Y moe Y Slope StdErr xStdDev p-value | N47: Regression Set Mean X moe X Mean Y moe Y Slope StdErr xStdDev p-value | Z47: TdCac vs. TdNcpv Theta-15 4.397 0.669 11.998 2.614 -1.2130 3.9874 1.2087 0.765790001
A48: TdCac/DCac vs. GeoMeanTps/DCac Gamma-48 0.000 0.000 0.000 0.000 NaN NaN 0.0000 1.00000000 | N48: Ln(MinNcpv/DNcpv) vs. TdNcpv Zeta-12 3.916 1.095 0.313 0.052 0.0243 0.0448 1.7242 0.599491481 | Z48: TdCac vs. TdNcpv Zeta-5 2.901 0.400 -6.755 10.486 -20.6757 20.8499 0.3219 0.394472157
A49: TdCac/DCac vs. GeoMeanTps/DCac Eta-17 0.193 0.018 0.231 0.057 1.9966 2.6092 0.0350 0.45602540 | N49: Ln(MinNcpv/DNcpv) vs. TdNcpv Theta-23 3.347 0.362 0.195 0.015 0.0226 0.0374 0.8374 0.552276939
A50: TdCac/DCac vs. GeoMeanTps/DCac Zeta-9 -0.022 0.063 0.760 0.450 -4.9929 5.8138 0.0819 0.41888178 | N50: Ln(MinNcpv/DNcpv) vs. TdNcpv BetaUZeta-52 3.349 0.152 0.203 0.008 0.0269 0.0426 0.5449 0.531048114
A51: TdCac/DCac vs. GeoMeanTps/DCac BetaUZeta-43 0.415 0.035 2.390 0.421 10.2520 6.3466 0.1142 0.11390263 | N51: Ln(MinNcpv/DNcpv) vs. TdNcpv Omega-95 2.634 0.070 0.255 0.006 0.0460 0.0718 0.3446 0.523155816
A52: TdCac/DCac vs. GeoMeanTps/DCac Omega-91 0.196 0.012 1.129 0.136 9.6004 6.0107 0.0576 0.11375973 | N52: Ln(MinNcpv/DNcpv) vs. TdNcpv Beta-40 3.178 0.166 0.171 0.008 0.0271 0.0395 0.5176 0.497210111
A53: TdCac/DCac vs. GeoMeanTps/DCac Alpha-82 0.220 0.014 1.170 0.158 9.9855 5.6666 0.0630 0.08185837 | N53: Ln(MinNcpv/DNcpv) vs. TdNcpv Alpha-83 2.449 0.069 0.247 0.007 0.0578 0.0825 0.3150 0.485971694
A54: TdCac/DCac vs. GeoMeanTps/DCac Theta-17 0.868 0.129 5.412 1.765 12.3003 6.2732 0.2517 0.06874695 | N54: Ln(MinNcpv/DNcpv) vs. TdNcpv Eta-17 2.950 0.262 0.138 0.017 0.0473 0.0444 0.5099 0.304174491
A55: TdCac/DCac vs. GeoMeanTps/DCac Beta-34 0.531 0.048 2.822 0.603 11.2669 5.8588 0.1369 0.06341021 | N55: Ln(MinNcpv/DNcpv) vs. TdNcpv Gamma-43 1.770 0.108 0.317 0.017 0.1454 0.0577 0.3520 0.015692733

Sheet Keto-CTA with change &Ln-Values
A1: Index | B1: Set | C1: Tps0 | D1: Tps1 | E1: Cac0 | F1: Cac1 | G1: Ncpv0 | H1: Ncpv1 | I1: Tcpv0 | J1: Tcpv1 | K1: Pav0 | L1: Pav1 | M1: LnTps0 | N1: LnTps1 | O1: LnCac0 | P1: LnCac1 | Q1: LnNcpv0 | R1: LnNcpv1 | S1: LnTcpv0 | T1: LnTcpv1 | U1: LnPav0 | V1: LnPav1 | W1: DTps | X1: DCac | Y1: DNcpv | Z1: DTcpv | AA1: DPav | AB1: LnDTps | AC1: LnDNcpv | AD1: LnDCac | AE1: LnDTcpv | AF1: LnDPav | AG1: Is Zeta | AH1: Column1
A2: 51 | B2: Zeta | C2: 0 | D2: 1 | E2: 6 | F2: 0 | G2: 19.6 | H2: 42 | I2: 1.5 | J2: 10.2 | K2: 0.01 | L2: 0.027 | M2: 0 | N2: 0.69314718 | O2: 1.9459101 | P2: 0 | Q2: 3.0252911 | R2: 3.7612001 | S2: 0.01 | T2: 0.91629073 | U2: 2.4159138 | V2: 0.0099503309 | W2: 0.026641931 | X2: -6 | Y2: 22.4 | Z2: 8.7 | AA2: 0.017 | AB2: 0.69314718 | AC2: 3.152736 | AD2: 1.9459101 | AE2: 2.2721259 | AF2: 0.016857117 | AG2: =AND("Zeta" ='Keto-CTA with change &Ln-Values'!$B52) -> FALSE | AH2: =ABS(X2) > 0 -> TRUE
A3: 1 | B3: Gamma | C3: 0 | D3: 0 | E3: 0 | F3: 0 | G3: 9.3 | H3: 18.8 | I3: 0 | J3: 0 | K3: 0.004 | L3: 0.007 | M3: 0 | N3: 0 | O3: 0 | P3: 0 | Q3: 2.3321439 | R3: 2.9856819 | S3: 0.004 | T3: 0 | U3: 0 | V3: 0.0039920213 | W3: 0.0069756137 | X3: 0 | Y3: 9.5 | Z3: 0 | AA3: 0.003 | AB3: 0 | AC3: 2.3513753 | AD3: 0 | AE3: 0 | AF3: 0.002995509 | AG3: =AND("Zeta" ='Keto-CTA with change &Ln-Values'!$B2) -> TRUE | AH3: =ABS(X3) > 0 -> FALSE
A4: 2 | B4: Zeta | C4: 0 | D4: 0 | E4: 0 | F4: 0 | G4: 193.3 | H4: 212.2 | I4: 0.1 | J4: 0 | K4: 0.067 | L4: 0.098 | M4: 0 | N4: 0 | O4: 0 | P4: 0 | Q4: 5.2694034 | R4: 5.3622307 | S4: 0.067 | T4: 0.09531018 | U4: 0 | V4: 0.064850972 | W4: 0.093490343 | X4: 0 | Y4: 18.9 | Z4: -0.1 | AA4: 0.031 | AB4: 0 | AC4: 2.9907197 | AD4: 0 | AE4: 0.09531018 | AF4: 0.030529205 | AG4: =AND("Zeta" ='Keto-CTA with change &Ln-Values'!$B3) -> FALSE | AH4: =ABS(X4) > 0 -> FALSE
A5: 3 | B5: Gamma | C5: 0 | D5: 0 | E5: 0 | F5: 0 | G5: 6.5 | H5: 23.2 | I5: 0 | J5: 0.2 | K5: 0.003 | L5: 0.008 | M5: 0 | N5: 0 | O5: 0 | P5: 0 | Q5: 2.014903 | R5: 3.1863526 | S5: 0.003 | T5: 0 | U5: 0.18232156 | V5: 0.002995509 | W5: 0.0079681696 | X5: 0 | Y5: 16.7 | Z5: 0.2 | AA5: 0.005 | AB5: 0 | AC5: 2.8735646 | AD5: 0 | AE5: 0.18232156 | AF5: 0.0049875415 | AG5: =AND("Zeta" ='Keto-CTA with change &Ln-Values'!$B4) -> TRUE | AH5: =ABS(X5) > 0 -> FALSE
A6: 4 | B6: Gamma | C6: 0 | D6: 0 | E6: 0 | F6: 0 | G6: 1.8 | H6: 9.1 | I6: 0 | J6: 0.9 | K6: 0.001 | L6: 0.005 | M6: 0 | N6: 0 | O6: 0 | P6: 0 | Q6: 1.0296194 | R6: 2.3125354 | S6: 0.001 | T6: 0 | U6: 0.64185389 | V6: 0.00099950033 | W6: 0.0049875415 | X6: 0 | Y6: 7.3 | Z6: 0.9 | AA6: 0.004 | AB6: 0 | AC6: 2.1162555 | AD6: 0 | AE6: 0.64185389 | AF6: 0.0039920213 | AG6: =AND("Zeta" ='Keto-CTA with change &Ln-Values'!$B5) -> FALSE | AH6: =ABS(X6) > 0 -> FALSE
A7: 5 | B7: Gamma | C7: 0 | D7: 0 | E7: 0 | F7: 0 | G7: 15.6 | H7: 24.8 | I7: 0 | J7: 0.6 | K7: 0.007 | L7: 0.01 | M7: 0 | N7: 0 | O7: 0 | P7: 0 | Q7: 2.8094027 | R7: 3.2503745 | S7: 0.007 | T7: 0 | U7: 0.47000363 | V7: 0.0069756137 | W7: 0.0099503309 | X7: 0 | Y7: 9.2 | Z7: 0.6 | AA7: 0.003 | AB7: 0 | AC7: 2.3223877 | AD7: 0 | AE7: 0.47000363 | AF7: 0.002995509 | AG7: =AND("Zeta" ='Keto-CTA with change &Ln-Values'!$B6) -> FALSE | AH7: =ABS(X7) > 0 -> FALSE
A8: 6 | B8: Gamma | C8: 0 | D8: 0 | E8: 0 | F8: 0 | G8: 10.4 | H8: 11.8 | I8: 0 | J8: 0.5 | K8: 0.005 | L8: 0.006 | M8: 0 | N8: 0 | O8: 0 | P8: 0 | Q8: 2.4336134 | R8: 2.5494452 | S8: 0.005 | T8: 0 | U8: 0.40546511 | V8: 0.0049875415 | W8: 0.0059820717 | X8: 0 | Y8: 1.4 | Z8: 0.5 | AA8: 0.001 | AB8: 0 | AC8: 0.87546874 | AD8: 0 | AE8: 0.40546511 | AF8: 0.00099950033 | AG8: =AND("Zeta" ='Keto-CTA with change &Ln-Values'!$B7) -> FALSE | AH8: =ABS(X8) > 0 -> FALSE
A9: 7 | B9: Gamma | C9: 0 | D9: 0 | E9: 0 | F9: 0 | G9: 48.4 | H9: 80.4 | I9: 0.8 | J9: 3.8 | K9: 0.025 | L9: 0.03 | M9: 0 | N9: 0 | O9: 0 | P9: 0 | Q9: 3.8999504 | R9: 4.3993753 | S9: 0.025 | T9: 0.58778666 | U9: 1.5686159 | V9: 0.024692613 | W9: 0.029558802 | X9: 0 | Y9: 32 | Z9: 3 | AA9: 0.005 | AB9: 0 | AC9: 3.4965076 | AD9: 0 | AE9: 1.3862944 | AF9: 0.0049875415 | AG9: =AND("Zeta" ='Keto-CTA with change &Ln-Values'!$B8) -> FALSE | AH9: =ABS(X9) > 0 -> FALSE
A10: 8 | B10: Gamma | C10: 0 | D10: 0 | E10: 0 | F10: 0 | G10: 65.6 | H10: 82.5 | I10: 0 | J10: 0.1 | K10: 0.017 | L10: 0.021 | M10: 0 | N10: 0 | O10: 0 | P10: 0 | Q10: 4.1987046 | R10: 4.4248466 | S10: 0.017 | T10: 0 | U10: 0.09531018 | V10: 0.016857117 | W10: 0.020782539 | X10: 0 | Y10: 16.9 | Z10: 0.1 | AA10: 0.004 | AB10: 0 | AC10: 2.8848007 | AD10: 0 | AE10: 0.09531018 | AF10: 0.0039920213 | AG10: =AND("Zeta" ='Keto-CTA with change &Ln-Values'!$B9) -> FALSE | AH10: =ABS(X10) > 0 -> FALSE
A11: 9 | B11: Gamma | C11: 0 | D11: 0 | E11: 0 | F11: 0 | G11: 3.8 | H11: 13.1 | I11: 0 | J11: 0 | K11: 0.001 | L11: 0.004 | M11: 0 | N11: 0 | O11: 0 | P11: 0 | Q11: 1.5686159 | R11: 2.6461748 | S11: 0.001 | T11: 0 | U11: 0 | V11: 0.00099950033 | W11: 0.0039920213 | X11: 0 | Y11: 9.3 | Z11: 0 | AA11: 0.003 | AB11: 0 | AC11: 2.3321439 | AD11: 0 | AE11: 0 | AF11: 0.002995509 | AG11: =AND("Zeta" ='Keto-CTA with change &Ln-Values'!$B10) -> FALSE | AH11: =ABS(X11) > 0 -> FALSE
A12: 10 | B12: Gamma | C12: 0 | D12: 0 | E12: 0 | F12: 0 | G12: 42.8 | H12: 64.4 | I12: 0 | J12: 0 | K12: 0.012 | L12: 0.017 | M12: 0 | N12: 0 | O12: 0 | P12: 0 | Q12: 3.7796338 | R12: 4.1805223 | S12: 0.012 | T12: 0 | U12: 0 | V12: 0.011928571 | W12: 0.016857117 | X12: 0 | Y12: 21.6 | Z12: 0 | AA12: 0.005 | AB12: 0 | AC12: 3.1179499 | AD12: 0 | AE12: 0 | AF12: 0.0049875415 | AG12: =AND("Zeta" ='Keto-CTA with change &Ln-Values'!$B11) -> FALSE | AH12: =ABS(X12) > 0 -> FALSE
A13: 11 | B13: Gamma | C13: 0 | D13: 0 | E13: 0 | F13: 0 | G13: 21.7 | H13: 44.4 | I13: 2.8 | J13: 4.5 | K13: 0.012 | L13: 0.02 | M13: 0 | N13: 0 | O13: 0 | P13: 0 | Q13: 3.1223649 | R13: 3.8155121 | S13: 0.012 | T13: 1.3350011 | U13: 1.7047481 | V13: 0.011928571 | W13: 0.019802627 | X13: 0 | Y13: 22.7 | Z13: 1.7 | AA13: 0.008 | AB13: 0 | AC13: 3.165475 | AD13: 0 | AE13: 0.99325177 | AF13: 0.0079681696 | AG13: =AND("Zeta" ='Keto-CTA with change &Ln-Values'!$B12) -> FALSE | AH13: =ABS(X13) > 0 -> FALSE | AI13: Sort by isZeta decend, DCAC decend, DNCPV decend
A14: 12 | B14: Gamma | C14: 0 | D14: 0 | E14: 0 | F14: 0 | G14: 4.9 | H14: 16.7 | I14: 0 | J14: 0 | K14: 0.002 | L14: 0.006 | M14: 0 | N14: 0 | O14: 0 | P14: 0 | Q14: 1.7749524 | R14: 2.8735646 | S14: 0.002 | T14: 0 | U14: 0 | V14: 0.0019980027 | W14: 0.0059820717 | X14: 0 | Y14: 11.8 | Z14: 0 | AA14: 0.004 | AB14: 0 | AC14: 2.5494452 | AD14: 0 | AE14: 0 | AF14: 0.0039920213 | AG14: =AND("Zeta" ='Keto-CTA with change &Ln-Values'!$B13) -> FALSE | AH14: =ABS(X14) > 0 -> FALSE
A15: 13 | B15: Gamma | C15: 0 | D15: 0 | E15: 0 | F15: 0 | G15: 27.8 | H15: 39.3 | I15: 0 | J15: 0 | K15: 0.006 | L15: 0.008 | M15: 0 | N15: 0 | O15: 0 | P15: 0 | Q15: 3.3603754 | R15: 3.6963515 | S15: 0.006 | T15: 0 | U15: 0 | V15: 0.0059820717 | W15: 0.0079681696 | X15: 0 | Y15: 11.5 | Z15: 0 | AA15: 0.002 | AB15: 0 | AC15: 2.5257286 | AD15: 0 | AE15: 0 | AF15: 0.0019980027 | AG15: =AND("Zeta" ='Keto-CTA with change &Ln-Values'!$B14) -> FALSE | AH15: =ABS(X15) > 0 -> FALSE
A16: 14 | B16: Gamma | C16: 0 | D16: 0 | E16: 0 | F16: 0 | G16: 22.4 | H16: 55.9 | I16: 0 | J16: 0.1 | K16: 0.006 | L16: 0.016 | M16: 0 | N16: 0 | O16: 0 | P16: 0 | Q16: 3.152736 | R16: 4.0412953 | S16: 0.006 | T16: 0 | U16: 0.09531018 | V16: 0.0059820717 | W16: 0.015873349 | X16: 0 | Y16: 33.5 | Z16: 0.1 | AA16: 0.01 | AB16: 0 | AC16: 3.5409593 | AD16: 0 | AE16: 0.09531018 | AF16: 0.0099503309 | AG16: =AND("Zeta" ='Keto-CTA with change &Ln-Values'!$B15) -> FALSE | AH16: =ABS(X16) > 0 -> FALSE
A17: 15 | B17: Gamma | C17: 0 | D17: 0 | E17: 0 | F17: 0 | G17: 26.5 | H17: 70.9 | I17: 0.1 | J17: 0.3 | K17: 0.009 | L17: 0.024 | M17: 0 | N17: 0 | O17: 0 | P17: 0 | Q17: 3.314186 | R17: 4.2752763 | S17: 0.009 | T17: 0.09531018 | U17: 0.26236426 | V17: 0.0089597414 | W17: 0.023716527 | X17: 0 | Y17: 44.4 | Z17: 0.2 | AA17: 0.015 | AB17: 0 | AC17: 3.8155121 | AD17: 0 | AE17: 0.18232156 | AF17: 0.014888612 | AG17: =AND("Zeta" ='Keto-CTA with change &Ln-Values'!$B16) -> FALSE | AH17: =ABS(X17) > 0 -> FALSE
A18: 16 | B18: Gamma | C18: 0 | D18: 0 | E18: 0 | F18: 0 | G18: 0 | H18: 0 | I18: 0 | J18: 0 | K18: 0 | L18: 0 | M18: 0 | N18: 0 | O18: 0 | P18: 0 | Q18: 0 | R18: 0 | S18: 0 | T18: 0 | U18: 0 | V18: 0 | W18: 0 | X18: 0 | Y18: 0 | Z18: 0 | AA18: 0 | AB18: 0 | AC18: 0 | AD18: 0 | AE18: 0 | AF18: 0 | AG18: =AND("Zeta" ='Keto-CTA with change &Ln-Values'!$B17) -> FALSE | AH18: =ABS(X18) > 0 -> FALSE
A19: 18 | B19: Gamma | C19: 0 | D19: 0 | E19: 0 | F19: 0 | G19: 8 | H19: 15.3 | I19: 0 | J19: 0 | K19: 0.002 | L19: 0.004 | M19: 0 | N19: 0 | O19: 0 | P19: 0 | Q19: 2.1972246 | R19: 2.7911651 | S19: 0.002 | T19: 0 | U19: 0 | V19: 0.0019980027 | W19: 0.0039920213 | X19: 0 | Y19: 7.3 | Z19: 0 | AA19: 0.002 | AB19: 0 | AC19: 2.1162555 | AD19: 0 | AE19: 0 | AF19: 0.0019980027 | AG19: =AND("Zeta" ='Keto-CTA with change &Ln-Values'!$B19) -> FALSE | AH19: =ABS(X19) > 0 -> FALSE
A20: 19 | B20: Gamma | C20: 0 | D20: 0 | E20: 0 | F20: 0 | G20: 0 | H20: 13.6 | I20: 0 | J20: 2.5 | K20: 0 | L20: 0.012 | M20: 0 | N20: 0 | O20: 0 | P20: 0 | Q20: 0 | R20: 2.6810215 | S20: 0 | T20: 0 | U20: 1.252763 | V20: 0 | W20: 0.011928571 | X20: 0 | Y20: 13.6 | Z20: 2.5 | AA20: 0.012 | AB20: 0 | AC20: 2.6810215 | AD20: 0 | AE20: 1.252763 | AF20: 0.011928571 | AG20: =AND("Zeta" ='Keto-CTA with change &Ln-Values'!$B20) -> FALSE | AH20: =ABS(X20) > 0 -> FALSE
A21: 20 | B21: Gamma | C21: 0 | D21: 0 | E21: 0 | F21: 0 | G21: 45.7 | H21: 64 | I21: 0 | J21: 0 | K21: 0.017 | L21: 0.024 | M21: 0 | N21: 0 | O21: 0 | P21: 0 | Q21: 3.8437442 | R21: 4.1743873 | S21: 0.017 | T21: 0 | U21: 0 | V21: 0.016857117 | W21: 0.023716527 | X21: 0 | Y21: 18.3 | Z21: 0 | AA21: 0.007 | AB21: 0 | AC21: 2.9601051 | AD21: 0 | AE21: 0 | AF21: 0.0069756137 | AG21: =AND("Zeta" ='Keto-CTA with change &Ln-Values'!$B21) -> FALSE | AH21: =ABS(X21) > 0 -> FALSE
A22: 21 | B22: Gamma | C22: 0 | D22: 0 | E22: 0 | F22: 0 | G22: 13.5 | H22: 20.7 | I22: 0 | J22: 0 | K22: 0.005 | L22: 0.011 | M22: 0 | N22: 0 | O22: 0 | P22: 0 | Q22: 2.6741486 | R22: 3.0773123 | S22: 0.005 | T22: 0 | U22: 0 | V22: 0.0049875415 | W22: 0.01093994 | X22: 0 | Y22: 7.2 | Z22: 0 | AA22: 0.006 | AB22: 0 | AC22: 2.1041342 | AD22: 0 | AE22: 0 | AF22: 0.0059820717 | AG22: =AND("Zeta" ='Keto-CTA with change &Ln-Values'!$B22) -> FALSE | AH22: =ABS(X22) > 0 -> FALSE
A23: 22 | B23: Gamma | C23: 0 | D23: 0 | E23: 0 | F23: 0 | G23: 1.7 | H23: 6.8 | I23: 0 | J23: 0.2 | K23: 0.001 | L23: 0.003 | M23: 0 | N23: 0 | O23: 0 | P23: 0 | Q23: 0.99325177 | R23: 2.0541237 | S23: 0.001 | T23: 0 | U23: 0.18232156 | V23: 0.00099950033 | W23: 0.002995509 | X23: 0 | Y23: 5.1 | Z23: 0.2 | AA23: 0.002 | AB23: 0 | AC23: 1.8082888 | AD23: 0 | AE23: 0.18232156 | AF23: 0.0019980027 | AG23: =AND("Zeta" ='Keto-CTA with change &Ln-Values'!$B23) -> FALSE | AH23: =ABS(X23) > 0 -> FALSE
A24: 23 | B24: Gamma | C24: 0 | D24: 0 | E24: 0 | F24: 0 | G24: 21 | H24: 67.3 | I24: 0.3 | J24: 0.4 | K24: 0.005 | L24: 0.016 | M24: 0 | N24: 0 | O24: 0 | P24: 0 | Q24: 3.0910425 | R24: 4.2239098 | S24: 0.005 | T24: 0.26236426 | U24: 0.33647224 | V24: 0.0049875415 | W24: 0.015873349 | X24: 0 | Y24: 46.3 | Z24: 0.1 | AA24: 0.011 | AB24: 0 | AC24: 3.8565103 | AD24: 0 | AE24: 0.09531018 | AF24: 0.01093994 | AG24: =AND("Zeta" ='Keto-CTA with change &Ln-Values'!$B24) -> FALSE | AH24: =ABS(X24) > 0 -> FALSE
A25: 24 | B25: Gamma | C25: 0 | D25: 0 | E25: 0 | F25: 0 | G25: 5.7 | H25: 9.9 | I25: 0 | J25: 0 | K25: 0.001 | L25: 0.002 | M25: 0 | N25: 0 | O25: 0 | P25: 0 | Q25: 1.9021075 | R25: 2.3887628 | S25: 0.001 | T25: 0 | U25: 0 | V25: 0.00099950033 | W25: 0.0019980027 | X25: 0 | Y25: 4.2 | Z25: 0 | AA25: 0.001 | AB25: 0 | AC25: 1.6486586 | AD25: 0 | AE25: 0 | AF25: 0.00099950033 | AG25: =AND("Zeta" ='Keto-CTA with change &Ln-Values'!$B25) -> FALSE | AH25: =ABS(X25) > 0 -> FALSE
A26: 25 | B26: Gamma | C26: 0 | D26: 0 | E26: 0 | F26: 0 | G26: 16.5 | H26: 58.4 | I26: 0 | J26: 0 | K26: 0.005 | L26: 0.019 | M26: 0 | N26: 0 | O26: 0 | P26: 0 | Q26: 2.8622009 | R26: 4.0842942 | S26: 0.005 | T26: 0 | U26: 0 | V26: 0.0049875415 | W26: 0.018821754 | X26: 0 | Y26: 41.9 | Z26: 0 | AA26: 0.014 | AB26: 0 | AC26: 3.7588718 | AD26: 0 | AE26: 0 | AF26: 0.013902905 | AG26: =AND("Zeta" ='Keto-CTA with change &Ln-Values'!$B26) -> FALSE | AH26: =ABS(X26) > 0 -> FALSE
A27: 26 | B27: Gamma | C27: 0 | D27: 0 | E27: 0 | F27: 0 | G27: 0 | H27: 9.2 | I27: 0 | J27: 0 | K27: 0 | L27: 0.004 | M27: 0 | N27: 0 | O27: 0 | P27: 0 | Q27: 0 | R27: 2.3223877 | S27: 0 | T27: 0 | U27: 0 | V27: 0 | W27: 0.0039920213 | X27: 0 | Y27: 9.2 | Z27: 0 | AA27: 0.004 | AB27: 0 | AC27: 2.3223877 | AD27: 0 | AE27: 0 | AF27: 0.0039920213 | AG27: =AND("Zeta" ='Keto-CTA with change &Ln-Values'!$B27) -> FALSE | AH27: =ABS(X27) > 0 -> FALSE
A28: 27 | B28: Gamma | C28: 0 | D28: 0 | E28: 0 | F28: 0 | G28: 23.3 | H28: 25.7 | I28: 0.1 | J28: 0.1 | K28: 0.008 | L28: 0.008 | M28: 0 | N28: 0 | O28: 0 | P28: 0 | Q28: 3.1904764 | R28: 3.2846636 | S28: 0.008 | T28: 0.09531018 | U28: 0.09531018 | V28: 0.0079681696 | W28: 0.0079681696 | X28: 0 | Y28: 2.4 | Z28: 0 | AA28: 0 | AB28: 0 | AC28: 1.2237754 | AD28: 0 | AE28: 0 | AF28: 0 | AG28: =AND("Zeta" ='Keto-CTA with change &Ln-Values'!$B28) -> FALSE | AH28: =ABS(X28) > 0 -> FALSE
A29: 28 | B29: Gamma | C29: 0 | D29: 0 | E29: 0 | F29: 0 | G29: 5.3 | H29: 5.3 | I29: 0 | J29: 0.1 | K29: 0.002 | L29: 0.002 | M29: 0 | N29: 0 | O29: 0 | P29: 0 | Q29: 1.8405496 | R29: 1.8405496 | S29: 0.002 | T29: 0 | U29: 0.09531018 | V29: 0.0019980027 | W29: 0.0019980027 | X29: 0 | Y29: 0 | Z29: 0.1 | AA29: 0 | AB29: 0 | AC29: 0 | AD29: 0 | AE29: 0.09531018 | AF29: 0 | AG29: =AND("Zeta" ='Keto-CTA with change &Ln-Values'!$B29) -> FALSE | AH29: =ABS(X29) > 0 -> FALSE
A30: 29 | B30: Gamma | C30: 0 | D30: 0 | E30: 0 | F30: 0 | G30: 101.1 | H30: 156.6 | I30: 0 | J30: 0 | K30: 0.024 | L30: 0.038 | M30: 0 | N30: 0 | O30: 0 | P30: 0 | Q30: 4.6259527 | R30: 5.0600602 | S30: 0.024 | T30: 0 | U30: 0 | V30: 0.023716527 | W30: 0.037295785 | X30: 0 | Y30: 55.5 | Z30: 0 | AA30: 0.014 | AB30: 0 | AC30: 4.0342406 | AD30: 0 | AE30: 0 | AF30: 0.013902905 | AG30: =AND("Zeta" ='Keto-CTA with change &Ln-Values'!$B30) -> FALSE | AH30: =ABS(X30) > 0 -> FALSE
... A48: 47 | B48: Gamma | C48: 0 | D48: 1 | E48: 0 | F48: 0 | G48: 61.8 | H48: 98.3 | I48: 0 | J48: 0.1 | K48: 0.016 | L48: 0.024 | M48: 0 | N48: 0.69314718 | O48: 0 | P48: 0 | Q48: 4.1399551 | R48: 4.5981456 | S48: 0.016 | T48: 0 | U48: 0.09531018 | V48: 0.015873349 | W48: 0.023716527 | X48: 0 | Y48: 36.5 | Z48: 0.1 | AA48: 0.008 | AB48: 0.69314718 | AC48: 3.6243409 | AD48: 0 | AE48: 0.09531018 | AF48: 0.0079681696 | AG48: =AND("Zeta" ='Keto-CTA with change &Ln-Values'!$B48) -> FALSE | AH48: =ABS(X48) > 0 -> FALSE
A49: 55 | B49: Zeta | C49: 1 | D49: 0 | E49: 0 | F49: 0 | G49: 68.2 | H49: 71.4 | I49: 0 | J49: 0 | K49: 0.023 | L49: 0.031 | M49: 0.69314718 | N49: 0 | O49: 0 | P49: 0 | Q49: 4.2370009 | R49: 4.2822063 | S49: 0.023 | T49: 0 | U49: 0 | V49: 0.022739487 | W49: 0.03052920503482279-1 | X49: 0 | Y49: 3.2 | Z49: 0 | AA49: 0.008 | AB49: 0.69314718 | AC49: 1.4350845 | AD49: 0 | AE49: 0 | AF49: 0.0079681696 | AG49: =AND("Zeta" ='Keto-CTA with change &Ln-Values'!$B56) -> TRUE | AH49: =ABS(X49) > 0 -> FALSE
A50: 56 | B50: Zeta | C50: 1 | D50: 0 | E50: 0 | F50: 0 | G50: 15.5 | H50: 31 | I50: 0 | J50: 0 | K50: 0.006 | L50: 0.012 | M50: 0.69314718 | N50: 0 | O50: 0 | P50: 0 | Q50: 2.8033604 | R50: 3.4657359 | S50: 0.006 | T50: 0 | U50: 0 | V50: 0.0059820717 | W50: 0.011928570865273812-1 | X50: 0 | Y50: 15.5 | Z50: 0 | AA50: 0.006 | AB50: 0.69314718 | AC50: 2.8033604 | AD50: 0 | AE50: 0 | AF50: 0.0059820717 | AG50: =AND("Zeta" ='Keto-CTA with change &Ln-Values'!$B57) -> TRUE | AH50: =ABS(X50) > 0 -> FALSE
A51: 48 | B51: Gamma | C51: 0 | D51: 1 | E51: 0 | F51: 0 | G51: 26.6 | H51: 104 | I51: 0 | J51: 0.1 | K51: 0.011 | L51: 0.052 | M51: 0 | N51: 0.69314718 | O51: 0 | P51: 0 | Q51: 3.3178158 | R51: 4.6539604 | S51: 0.011 | T51: 0 | U51: 0.09531018 | V51: 0.01093994 | W51: 0.050693114 | X51: 0 | Y51: 77.4 | Z51: 0.1 | AA51: 0.041 | AB51: 0.69314718 | AC51: 4.3618239 | AD51: 0 | AE51: 0.09531018 | AF51: 0.04018179 | AG51: =AND("Zeta" ='Keto-CTA with change &Ln-Values'!$B49) -> TRUE | AH51: =ABS(X51) > 0 -> FALSE
A52: 17 | B52: Theta | C52: 0 | D52: 0 | E52: 0 | F52: 1 | G52: 6.3 | H52: 19.8 | I52: 1 | J52: 3.4 | K52: 0.003 | L52: 0.009 | M52: 0 | N52: 0 | O52: 0 | P52: 0.69314718 | Q52: 1.9878743 | R52: 3.034953 | S52: 0.003 | T52: 0.69314718 | U52: 1.4816045 | V52: 0.002995509 | W52: 0.0089597414 | X52: 1 | Y52: 13.5 | Z52: 2.4 | AA52: 0.006 | AB52: 0 | AC52: 2.6741486 | AD52: 0.69314718 | AE52: 1.2237754 | AF52: 0.0059820717 | AG52: =AND("Zeta" ='Keto-CTA with change &Ln-Values'!$B18) -> FALSE | AH52: =ABS(X52) > 0 -> TRUE
A53: 50 | B53: Theta | C53: 0 | D53: 1 | E53: 0 | F53: 1 | G53: 26.3 | H53: 60.7 | I53: 1.1 | J53: 2 | K53: 0.009 | L53: 0.021 | M53: 0 | N53: 0.69314718 | O53: 0 | P53: 0.69314718 | Q53: 3.3068867 | R53: 4.1222839 | S53: 0.009 | T53: 0.74193734 | U53: 1.0986123 | V53: 0.0089597414 | W53: 0.020782539 | X53: 1 | Y53: 34.4 | Z53: 0.9 | AA53: 0.012 | AB53: 0.69314718 | AC53: 3.5667118 | AD53: 0.69314718 | AE53: 0.64185389 | AF53: 0.011928571 | AG53: =AND("Zeta" ='Keto-CTA with change &Ln-Values'!$B51) -> FALSE | AH53: =ABS(X53) > 0 -> TRUE
A54: 57 | B54: Theta | C54: 1 | D54: 1 | E54: 4 | F54: 6 | G54: 94.7 | H54: 130.8 | I54: 2.8 | J54: 3.1 | K54: 0.031 | L54: 0.038 | M54: 0.69314718 | N54: 0.69314718 | O54: 1.6094379 | P54: 1.9459101 | Q54: 4.5612183 | R54: 4.8812856 | S54: 0.031 | T54: 1.3350011 | U54: 1.410987 | V54: 0.030529205 | W54: 0.037295785 | X54: 2 | Y54: 36.1 | Z54: 0.3 | AA54: 0.007 | AB54: 0 | AC54: 3.613617 | AD54: 1.0986123 | AE54: 0.26236426 | AF54: 0.0069756137 | AG54: =AND("Zeta" ='Keto-CTA with change &Ln-Values'!$B58) -> TRUE | AH54: =ABS(X54) > 0 -> TRUE
A55: 49 | B55: Theta | C55: 0 | D55: 1 | E55: 0 | F55: 2 | G55: 39.7 | H55: 57 | I55: 1.4 | J55: 4.4 | K55: 0.015 | L55: 0.023 | M55: 0 | N55: 0.69314718 | O55: 0 | P55: 1.0986123 | Q55: 3.7062281 | R55: 4.060443 | S55: 0.015 | T55: 0.87546874 | U55: 1.686399 | V55: 0.014888612 | W55: 0.022739487 | X55: 2 | Y55: 17.3 | Z55: 3 | AA55: 0.008 | AB55: 0.69314718 | AC55: 2.9069011 | AD55: 1.0986123 | AE55: 1.3862944 | AF55: 0.0079681696 | AG55: =AND("Zeta" ='Keto-CTA with change &Ln-Values'!$B50) -> TRUE | AH55: =ABS(X55) > 0 -> TRUE
A56: 66 | B56: Zeta | C56: 1 | D56: 2 | E56: 58 | F56: 39 | G56: 91.1 | H56: 119.7 | I56: 21.8 | J56: 22.9 | K56: 0.031 | L56: 0.04 | M56: 0.69314718 | N56: 1.0986123 | O56: 4.0775374 | P56: 3.6888795 | Q56: 4.5228749 | R56: 4.7933081 | S56: 0.031 | T56: 3.1267605 | U56: 3.1738785 | V56: 0.030529205 | W56: 0.039220713 | X56: -19 | Y56: 28.6 | Z56: 1.1 | AA56: 0.009 | AB56: 0.69314718 | AC56: 3.3877744 | AD56: 2.9957323 | AE56: 0.74193734 | AF56: 0.0089597414 | AG56: =AND("Zeta" ='Keto-CTA with change &Ln-Values'!$B67) -> FALSE | AH56: =ABS(X56) > 0 -> TRUE
A57: 77 | B57: Zeta | C57: 3 | D57: 3 | E57: 360 | F57: 353 | G57: 174.6 | H57: 210 | I57: 128.6 | J57: 140.7 | K57: 0.113 | L57: 0.121 | M57: 1.3862944 | N57: 1.3862944 | O57: 5.888878 | P57: 5.8692969 | Q57: 5.1682087 | R57: 5.3518581 | S57: 0.113 | T57: 4.8644528 | U57: 4.9537121 | V57: 0.10705907 | W57: 0.11422114 | X57: -7 | Y57: 35.4 | Z57: 12.1 | AA57: 0.008 | AB57: 0 | AC57: 3.5945688 | AD57: 2.0794415 | AE57: 2.5726122 | AF57: 0.0079681696 | AG57: =AND("Zeta" ='Keto-CTA with change &Ln-Values'!$B78) -> FALSE | AH57: =ABS(X57) > 0 -> TRUE
A58: 63 | B58: Zeta | C58: 1 | D58: 2 | E58: 68 | F58: 62 | G58: 77.3 | H58: 96.1 | I58: 25.8 | J58: 29.1 | K58: 0.049 | L58: 0.048 | M58: 0.69314718 | N58: 1.0986123 | O58: 4.2341065 | P58: 4.1431347 | Q58: 4.3605476 | R58: 4.5757414 | S58: 0.049 | T58: 3.2884019 | U58: 3.4045252 | V58: 0.047837329 | W58: 0.046883586 | X58: -6 | Y58: 18.8 | Z58: 3.3 | AA58: -0.001 | AB58: 0.69314718 | AC58: 2.9856819 | AD58: 1.9459101 | AE58: 1.458615 | AF58: 0.00099950033 | AG58: =AND("Zeta" ='Keto-CTA with change &Ln-Values'!$B64) -> FALSE | AH58: =ABS(X58) > 0 -> TRUE
A59: 54 | B59: Zeta | C59: 1 | D59: 0 | E59: 2 | F59: 0 | G59: 64.9 | H59: 68.5 | I59: 0.2 | J59: 0.6 | K59: 0.016 | L59: 0.026 | M59: 0.69314718 | N59: 0 | O59: 1.0986123 | P59: 0 | Q59: 4.1881384 | R59: 4.2413268 | S59: 0.016 | T59: 0.18232156 | U59: 0.47000363 | V59: 0.015873349 | W59: 0.025667746748577813-1 | X59: -2 | Y59: 3.6 | Z59: 0.4 | AA59: 0.01 | AB59: 0.69314718 | AC59: 1.5260563 | AD59: 1.0986123 | AE59: 0.33647224 | AF59: 0.0099503309 | AG59: =AND("Zeta" ='Keto-CTA with change &Ln-Values'!$B55) -> FALSE | AH59: =ABS(X59) > 0 -> TRUE
A60: 65 | B60: Zeta | C60: 1 | D60: 2 | E60: 1 | F60: 0 | G60: 113.6 | H60: 162 | I60: 0 | J60: 0 | K60: 0.031 | L60: 0.046 | M60: 0.69314718 | N60: 1.0986123 | O60: 0.69314718 | P60: 0 | Q60: 4.7414478 | R60: 5.0937502 | S60: 0.031 | T60: 0 | U60: 0 | V60: 0.030529205 | W60: 0.044973366 | X60: -1 | Y60: 48.4 | Z60: 0 | AA60: 0.015 | AB60: 0.69314718 | AC60: 3.8999504 | AD60: 0.69314718 | AE60: 0 | AF60: 0.014888612 | AG60: =AND("Zeta" ='Keto-CTA with change &Ln-Values'!$B66) -> FALSE | AH60: =ABS(X60) > 0 -> TRUE
A61: 58 | B61: Gamma | C61: 1 | D61: 1 | E61: 0 | F61: 0 | G61: 82.8 | H61: 144.9 | I61: 3.1 | J61: 3.6 | K61: 0.025 | L61: 0.047 | M61: 0.69314718 | N61: 0.69314718 | O61: 0 | P61: 0 | Q61: 4.428433 | R61: 4.9829215 | S61: 0.025 | T61: 1.410987 | U61: 1.5260563 | V61: 0.024692613 | W61: 0.045928932 | X61: 0 | Y61: 62.1 | Z61: 0.5 | AA61: 0.022 | AB61: 0 | AC61: 4.1447208 | AD61: 0 | AE61: 0.40546511 | AF61: 0.021761492 | AG61: =AND("Zeta" ='Keto-CTA with change &Ln-Values'!$B59) -> TRUE | AH61: =ABS(X61) > 0 -> FALSE
A62: 59 | B62: Theta | C62: 1 | D62: 1 | E62: 37 | F62: 37 | G62: 42.4 | H62: 64.7 | I62: 8.7 | J62: 9.3 | K62: 0.017 | L62: 0.023 | M62: 0.69314718 | N62: 0.69314718 | O62: 3.6375862 | P62: 3.6375862 | Q62: 3.7704594 | R62: 4.1850989 | S62: 0.017 | T62: 2.2721259 | U62: 2.3321439 | V62: 0.016857117 | W62: 0.022739487 | X62: 0 | Y62: 22.3 | Z62: 0.6 | AA62: 0.006 | AB62: 0 | AC62: 3.1484534 | AD62: 0 | AE62: 0.47000363 | AF62: 0.0059820717 | AG62: =AND("Zeta" ='Keto-CTA with change &Ln-Values'!$B60) -> TRUE | AH62: =ABS(X62) > 0 -> FALSE
A63: 60 | B63: Gamma | C63: 1 | D63: 1 | E63: 0 | F63: 0 | G63: 4.4 | H63: 11.2 | I63: 0 | J63: 0 | K63: 0.001 | L63: 0.004 | M63: 0.69314718 | N63: 0.69314718 | O63: 0 | P63: 0 | Q63: 1.686399 | R63: 2.501436 | S63: 0.001 | T63: 0 | U63: 0 | V63: 0.00099950033 | W63: 0.0039920213 | X63: 0 | Y63: 6.8 | Z63: 0 | AA63: 0.003 | AB63: 0 | AC63: 2.0541237 | AD63: 0 | AE63: 0 | AF63: 0.002995509 | AG63: =AND("Zeta" ='Keto-CTA with change &Ln-Values'!$B61) -> FALSE | AH63: =ABS(X63) > 0 -> FALSE
A64: 69 | B64: Theta | C64: 2 | D64: 2 | E64: 21 | F64: 21 | G64: 53.7 | H64: 99.3 | I64: 7.9 | J64: 8.2 | K64: 0.026 | L64: 0.044 | M64: 1.0986123 | N64: 1.0986123 | O64: 3.0910425 | P64: 3.0910425 | Q64: 4.0018637 | R64: 4.6081657 | S64: 0.026 | T64: 2.1860513 | U64: 2.2192035 | V64: 0.025667747 | W64: 0.043059489 | X64: 0 | Y64: 45.6 | Z64: 0.3 | AA64: 0.018 | AB64: 0 | AC64: 3.8416005 | AD64: 0 | AE64: 0.26236426 | AF64: 0.017839918 | AG64: =AND("Zeta" ='Keto-CTA with change &Ln-Values'!$B70) -> FALSE | AH64: =ABS(X64) > 0 -> FALSE
A65: 89 | B65: Zeta | C65: 5 | D65: 4 | E65: 135 | F65: 135 | G65: 46.2 | H65: 41.7 | I65: 8.4 | J65: 7.9 | K65: 0.093 | L65: 0.067 | M65: 1.7917595 | N65: 1.6094379 | O65: 4.9126549 | P65: 4.9126549 | Q65: 3.8543939 | R65: 3.7541989 | S65: 0.093 | T65: 2.2407097 | U65: 2.1860513 | V65: 0.088926209 | W65: 0.06485097231961627-1 | X65: 0 | Y65: -4.5 | Z65: -0.5 | AA65: -0.026 | AB65: 0.69314718 | AC65: 1.7047481 | AD65: 0 | AE65: 0.40546511 | AF65: 0.025667747 | AG65: =AND("Zeta" ='Keto-CTA with change &Ln-Values'!$B90) -> FALSE | AH65: =ABS(X65) > 0 -> FALSE
A66: 52 | B66: Theta | C66: 0 | D66: 2 | E66: 0 | F66: 1 | G66: 20.8 | H66: 45.7 | I66: 0.3 | J66: 0.4 | K66: 0.012 | L66: 0.029 | M66: 0 | N66: 1.0986123 | O66: 0 | P66: 0.69314718 | Q66: 3.08191 | R66: 3.8437442 | S66: 0.012 | T66: 0.26236426 | U66: 0.33647224 | V66: 0.011928571 | W66: 0.028587457 | X66: 1 | Y66: 24.9 | Z66: 0.1 | AA66: 0.017 | AB66: 1.0986123 | AC66: 3.254243 | AD66: 0.69314718 | AE66: 0.09531018 | AF66: 0.016857117 | AG66: =AND("Zeta" ='Keto-CTA with change &Ln-Values'!$B53) -> FALSE | AH66: =ABS(X66) > 0 -> TRUE
A67: 53 | B67: Theta | C67: 0 | D67: 3 | E67: 0 | F67: 1 | G67: 67.1 | H67: 166.7 | I67: 5.3 | J67: 15.1 | K67: 0.036 | L67: 0.09 | M67: 0 | N67: 1.3862944 | O67: 0 | P67: 0.69314718 | Q67: 4.2209772 | R67: 5.1221767 | S67: 0.036 | T67: 1.8405496 | U67: 2.7788193 | V67: 0.035367144 | W67: 0.086177696 | X67: 1 | Y67: 99.6 | Z67: 9.8 | AA67: 0.054 | AB67: 1.3862944 | AC67: 4.6111523 | AD67: 0.69314718 | AE67: 2.3795461 | AF67: 0.05259245 | AG67: =AND("Zeta" ='Keto-CTA with change &Ln-Values'!$B54) -> FALSE | AH67: =ABS(X67) > 0 -> TRUE
A68: 81 | B68: Theta | C68: 3 | D68: 5 | E68: 80 | F68: 81 | G68: 163.9 | H68: 248.2 | I68: 20.3 | J68: 33.2 | K68: 0.056 | L68: 0.07 | M68: 1.3862944 | N68: 1.7917595 | O68: 4.3944492 | P68: 4.4067192 | Q68: 5.1053392 | R68: 5.5182558 | S68: 0.056 | T68: 3.0587071 | U68: 3.5322256 | V68: 0.054488185 | W68: 0.067658648 | X68: 1 | Y68: 84.3 | Z68: 12.9 | AA68: 0.014 | AB68: 1.0986123 | AC68: 4.4461745 | AD68: 0.69314718 | AE68: 2.6318888 | AF68: 0.013902905 | AG68: =AND("Zeta" ='Keto-CTA with change &Ln-Values'!$B82) -> FALSE | AH68: =ABS(X68) > 0 -> TRUE
A69: 71 | B69: Theta | C69: 2 | D69: 3 | E69: 3 | F69: 5 | G69: 164.2 | H69: 220 | I69: 0 | J69: 0.5 | K69: 0.037 | L69: 0.051 | M69: 1.0986123 | N69: 1.3862944 | O69: 1.3862944 | P69: 1.7917595 | Q69: 5.1071569 | R69: 5.3981627 | S69: 0.037 | T69: 0 | U69: 0.40546511 | V69: 0.036331929 | W69: 0.049742092 | X69: 2 | Y69: 55.8 | Z69: 0.5 | AA69: 0.014 | AB69: 0.69314718 | AC69: 4.0395363 | AD69: 1.0986123 | AE69: 0.40546511 | AF69: 0.013902905 | AG69: =AND("Zeta" ='Keto-CTA with change &Ln-Values'!$B72) -> FALSE | AH69: =ABS(X69) > 0 -> TRUE
A70: 87 | B70: Theta | C70: 4 | D70: 6 | E70: 101 | F70: 103 | G70: 100.5 | H70: 180.3 | I70: 41.8 | J70: 43.1 | K70: 0.055 | L70: 0.09 | M70: 1.6094379 | N70: 1.9459101 | O70: 4.6249728 | P70: 4.6443909 | Q70: 4.6200588 | R70: 5.2001531 | S70: 0.055 | T70: 3.7565381 | U70: 3.7864598 | V70: 0.053540767 | W70: 0.086177696 | X70: 2 | Y70: 79.8 | Z70: 1.3 | AA70: 0.035 | AB70: 1.0986123 | AC70: 4.391977 | AD70: 1.0986123 | AE70: 0.83290912 | AF70: 0.034401427 | AG70: =AND("Zeta" ='Keto-CTA with change &Ln-Values'!$B88) -> TRUE | AH70: =ABS(X70) > 0 -> TRUE
A71: 68 | B71: Theta | C71: 1 | D71: 5 | E71: 0 | F71: 3 | G71: 171.5 | H71: 211.9 | I71: 0 | J71: 0.4 | K71: 0.052 | L71: 0.073 | M71: 0.69314718 | N71: 1.7917595 | O71: 0 | P71: 1.3862944 | Q71: 5.1503972 | R71: 5.3608226 | S71: 0.052 | T71: 0 | U71: 0.33647224 | V71: 0.050693114 | W71: 0.070458464 | X71: 3 | Y71: 40.4 | Z71: 0.4 | AA71: 0.021 | AB71: 1.6094379 | AC71: 3.7232809 | AD71: 1.3862944 | AE71: 0.33647224 | AF71: 0.020782539 | AG71: =AND("Zeta" ='Keto-CTA with change &Ln-Values'!$B69) -> FALSE | AH71: =ABS(X71) > 0 -> TRUE
A72: 61 | B72: Theta | C72: 1 | D72: 1 | E72: 9 | F72: 13 | G72: 12.8 | H72: 15.2 | I72: 2.2 | J72: 3.7 | K72: 0.008 | L72: 0.009 | M72: 0.69314718 | N72: 0.69314718 | O72: 2.3025851 | P72: 2.6390573 | Q72: 2.6246686 | R72: 2.7850112 | S72: 0.008 | T72: 1.1631508 | U72: 1.5475625 | V72: 0.0079681696 | W72: 0.0089597414 | X72: 4 | Y72: 2.4 | Z72: 1.5 | AA72: 0.001 | AB72: 0 | AC72: 1.2237754 | AD72: 1.6094379 | AE72: 0.91629073 | AF72: 0.00099950033 | AG72: =AND("Zeta" ='Keto-CTA with change &Ln-Values'!$B62) -> FALSE | AH72: =ABS(X72) > 0 -> TRUE
A73: 64 | B73: Theta | C73: 1 | D73: 2 | E73: 63 | F73: 67 | G73: 53.3 | H73: 104.7 | I73: 29.8 | J73: 34.7 | K73: 0.018 | L73: 0.032 | M73: 0.69314718 | N73: 1.0986123 | O73: 4.1588831 | P73: 4.2195077 | Q73: 3.9945242 | R73: 4.6606049 | S73: 0.018 | T73: 3.4275147 | U73: 3.5751507 | V73: 0.017839918 | W73: 0.031498667 | X73: 4 | Y73: 51.4 | Z73: 4.9 | AA73: 0.014 | AB73: 0.69314718 | AC73: 3.9589066 | AD73: 1.6094379 | AE73: 1.7749524 | AF73: 0.013902905 | AG73: =AND("Zeta" ='Keto-CTA with change &Ln-Values'!$B65) -> TRUE | AH73: =ABS(X73) > 0 -> TRUE
A74: 67 | B74: Theta | C74: 1 | D74: 3 | E74: 4 | F74: 8 | G74: 139.4 | H74: 153.6 | I74: 0 | J74: 4.2 | K74: 0.026 | L74: 0.032 | M74: 0.69314718 | N74: 1.3862944 | O74: 1.6094379 | P74: 2.1972246 | Q74: 4.9444955 | R74: 5.0408411 | S74: 0.026 | T74: 0 | U74: 1.6486586 | V74: 0.025667747 | W74: 0.031498667 | X74: 4 | Y74: 14.2 | Z74: 4.2 | AA74: 0.006 | AB74: 1.0986123 | AC74: 2.7212954 | AD74: 1.6094379 | AE74: 1.6486586 | AF74: 0.0059820717 | AG74: =AND("Zeta" ='Keto-CTA with change &Ln-Values'!$B68) -> FALSE | AH74: =ABS(X74) > 0 -> TRUE
A75: 72 | B75: Theta | C75: 2 | D75: 3 | E75: 12 | F75: 17 | G75: 290.2 | H75: 301 | I75: 4 | J75: 8.1 | K75: 0.084 | L75: 0.094 | M75: 1.0986123 | N75: 1.3862944 | O75: 2.5649494 | P75: 2.8903718 | Q75: 5.6740103 | R75: 5.710427 | S75: 0.084 | T75: 1.6094379 | U75: 2.2082744 | V75: 0.080657903 | W75: 0.089840704 | X75: 5 | Y75: 10.8 | Z75: 4.1 | AA75: 0.01 | AB75: 0.69314718 | AC75: 2.4680995 | AD75: 1.7917595 | AE75: 1.6292405 | AF75: 0.0099503309 | AG75: =AND("Zeta" ='Keto-CTA with change &Ln-Values'!$B73) -> FALSE | AH75: =ABS(X75) > 0 -> TRUE
A76: 74 | B76: Theta | C76: 2 | D76: 3 | E76: 2 | F76: 7 | G76: 141.1 | H76: 191 | I76: 5.3 | J76: 6 | K76: 0.063 | L76: 0.08 | M76: 1.0986123 | N76: 1.3862944 | O76: 1.0986123 | P76: 2.0794415 | Q76: 4.956531 | R76: 5.2574954 | S76: 0.063 | T76: 1.8405496 | U76: 1.9459101 | V76: 0.061095099 | W76: 0.076961041 | X76: 5 | Y76: 49.9 | Z76: 0.7 | AA76: 0.017 | AB76: 0.69314718 | AC76: 3.9298629 | AD76: 1.7917595 | AE76: 0.53062825 | AF76: 0.016857117 | AG76: =AND("Zeta" ='Keto-CTA with change &Ln-Values'!$B75) -> FALSE | AH76: =ABS(X76) > 0 -> TRUE
A77: 91 | B77: Theta | C77: 6 | D77: 6 | E77: 119 | F77: 124 | G77: 183.5 | H77: 213.8 | I77: 42.7 | J77: 44.5 | K77: 0.054 | L77: 0.072 | M77: 1.9459101 | N77: 1.9459101 | O77: 4.7874917 | P77: 4.8283137 | Q77: 5.2176495 | R77: 5.3697074 | S77: 0.054 | T77: 3.7773481 | U77: 3.8177123 | V77: 0.05259245 | W77: 0.069526063 | X77: 5 | Y77: 30.3 | Z77: 1.8 | AA77: 0.018 | AB77: 0 | AC77: 3.4436181 | AD77: 1.7917595 | AE77: 1.0296194 | AF77: 0.017839918 | AG77: =AND("Zeta" ='Keto-CTA with change &Ln-Values'!$B92) -> FALSE | AH77: =ABS(X77) > 0 -> TRUE
A78: 92 | B78: Theta | C78: 6 | D78: 9 | E78: 295 | F78: 300 | G78: 252.3 | H78: 319.7 | I78: 98.4 | J78: 109.1 | K78: 0.097 | L78: 0.121 | M78: 1.9459101 | N78: 2.3025851 | O78: 5.6903595 | P78: 5.7071103 | Q78: 5.5345746 | R78: 5.7705061 | S78: 0.097 | T78: 4.5991521 | U78: 4.701389 | V78: 0.092579181 | W78: 0.11422114 | X78: 5 | Y78: 67.4 | Z78: 10.7 | AA78: 0.024 | AB78: 1.3862944 | AC78: 4.2253728 | AD78: 1.7917595 | AE78: 2.4595888 | AF78: 0.023716527 | AG78: =AND("Zeta" ='Keto-CTA with change &Ln-Values'!$B93) -> FALSE | AH78: =ABS(X78) > 0 -> TRUE
A79: 97 | B79: Theta | C79: 8 | D79: 10 | E79: 47 | F79: 54 | G79: 105.7 | H79: 166.7 | I79: 30.5 | J79: 58.4 | K79: 0.077 | L79: 0.106 | M79: 2.1972246 | N79: 2.3978953 | O79: 3.871201 | P79: 4.0073332 | Q79: 4.6700212 | R79: 5.1221767 | S79: 0.077 | T79: 3.4499875 | U79: 4.0842942 | V79: 0.074179398 | W79: 0.1007499 | X79: 7 | Y79: 61 | Z79: 27.9 | AA79: 0.029 | AB79: 1.0986123 | AC79: 4.1271344 | AD79: 2.0794415 | AE79: 3.3638416 | AF79: 0.028587457 | AG79: =AND("Zeta" ='Keto-CTA with change &Ln-Values'!$B98) -> FALSE | AH79: =ABS(X79) > 0 -> TRUE
A80: 70 | B80: Theta | C80: 2 | D80: 2 | E80: 10 | F80: 18 | G80: 52.1 | H80: 62.5 | I80: 4 | J80: 5.4 | K80: 0.015 | L80: 0.015 | M80: 1.0986123 | N80: 1.0986123 | O80: 2.3978953 | P80: 2.944439 | Q80: 3.9721769 | R80: 4.1510399 | S80: 0.015 | T80: 1.6094379 | U80: 1.856298 | V80: 0.014888612 | W80: 0.014888612 | X80: 8 | Y80: 10.4 | Z80: 1.4 | AA80: 0 | AB80: 0 | AC80: 2.4336134 | AD80: 2.1972246 | AE80: 0.87546874 | AF80: 0 | AG80: =AND("Zeta" ='Keto-CTA with change &Ln-Values'!$B71) -> FALSE | AH80: =ABS(X80) > 0 -> TRUE
A81: 73 | B81: Theta | C81: 2 | D81: 3 | E81: 39 | F81: 49 | G81: 83.3 | H81: 97.7 | I81: 17.8 | J81: 20.6 | K81: 0.028 | L81: 0.039 | M81: 1.0986123 | N81: 1.3862944 | O81: 3.6888795 | P81: 3.912023 | Q81: 4.4343819 | R81: 4.5920849 | S81: 0.028 | T81: 2.9338569 | U81: 3.0726933 | V81: 0.027615167 | W81: 0.038258712 | X81: 10 | Y81: 14.4 | Z81: 2.8 | AA81: 0.011 | AB81: 0.69314718 | AC81: 2.7343675 | AD81: 2.3978953 | AE81: 1.3350011 | AF81: 0.01093994 | AG81: =AND("Zeta" ='Keto-CTA with change &Ln-Values'!$B74) -> FALSE | AH81: =ABS(X81) > 0 -> TRUE
A82: 75 | B82: Theta | C82: 2 | D82: 3 | E82: 21 | F82: 31 | G82: 106.8 | H82: 116.5 | I82: 10.2 | J82: 13.1 | K82: 0.044 | L82: 0.05 | M82: 1.0986123 | N82: 1.3862944 | O82: 3.0910425 | P82: 3.4657359 | Q82: 4.6802777 | R82: 4.7664383 | S82: 0.044 | T82: 2.4159138 | U82: 2.6461748 | V82: 0.043059489 | W82: 0.048790164 | X82: 10 | Y82: 9.7 | Z82: 2.9 | AA82: 0.006 | AB82: 0.69314718 | AC82: 2.3702437 | AD82: 2.3978953 | AE82: 1.3609766 | AF82: 0.0059820717 | AG82: =AND("Zeta" ='Keto-CTA with change &Ln-Values'!$B76) -> FALSE | AH82: =ABS(X82) > 0 -> TRUE
A83: 88 | B83: Eta | C83: 4 | D83: 10 | E83: 88 | F83: 100 | G83: 238.5 | H83: 307.3 | I83: 33.9 | J83: 38.3 | K83: 0.091 | L83: 0.106 | M83: 1.6094379 | N83: 2.3978953 | O83: 4.4886364 | P83: 4.6151205 | Q83: 5.4785534 | R83: 5.7310733 | S83: 0.091 | T83: 3.5524868 | U83: 3.6712245 | V83: 0.087094707 | W83: 0.1007499 | X83: 12 | Y83: 68.8 | Z83: 4.4 | AA83: 0.015 | AB83: 1.9459101 | AC83: 4.245634 | AD83: 2.5649494 | AE83: 1.686399 | AF83: 0.014888612 | AG83: =AND("Zeta" ='Keto-CTA with change &Ln-Values'!$B89) -> FALSE | AH83: =ABS(X83) > 0 -> TRUE
A84: 90 | B84: Eta | C84: 5 | D84: 6 | E84: 388 | F84: 400 | G84: 147.2 | H84: 194.8 | I84: 143.7 | J84: 177.2 | K84: 0.1 | L84: 0.1 | M84: 1.7917595 | N84: 1.9459101 | O84: 5.9635793 | P84: 5.9939614 | Q84: 4.9985627 | R84: 5.2770937 | S84: 0.1 | T84: 4.9746626 | U84: 5.1829065 | V84: 0.09531018 | W84: 0.09531018 | X84: 12 | Y84: 47.6 | Z84: 33.5 | AA84: 0 | AB84: 0.69314718 | AC84: 3.8836235 | AD84: 2.5649494 | AE84: 3.5409593 | AF84: 0 | AG84: =AND("Zeta" ='Keto-CTA with change &Ln-Values'!$B91) -> FALSE | AH84: =ABS(X84) > 0 -> TRUE
A85: 62 | B85: Eta | C85: 1 | D85: 1 | E85: 27 | F85: 41 | G85: 45.3 | H85: 51.6 | I85: 10.7 | J85: 15.2 | K85: 0.022 | L85: 0.026 | M85: 0.69314718 | N85: 0.69314718 | O85: 3.3322045 | P85: 3.7376696 | Q85: 3.835142 | R85: 3.9627161 | S85: 0.022 | T85: 2.4595888 | U85: 2.7850112 | V85: 0.021761492 | W85: 0.025667747 | X85: 14 | Y85: 6.3 | Z85: 4.5 | AA85: 0.004 | AB85: 0 | AC85: 1.9878743 | AD85: 2.7080502 | AE85: 1.7047481 | AF85: 0.0039920213 | AG85: =AND("Zeta" ='Keto-CTA with change &Ln-Values'!$B63) -> FALSE | AH85: =ABS(X85) > 0 -> TRUE
A86: 78 | B86: Eta | C86: 3 | D86: 4 | E86: 81 | F86: 97 | G86: 82.4 | H86: 168.4 | I86: 21.5 | J86: 29.9 | K86: 0.032 | L86: 0.056 | M86: 1.3862944 | N86: 1.6094379 | O86: 4.4067192 | P86: 4.5849675 | Q86: 4.4236483 | R86: 5.1322628 | S86: 0.032 | T86: 3.1135153 | U86: 3.4307562 | V86: 0.031498667 | W86: 0.054488185 | X86: 16 | Y86: 86 | Z86: 8.4 | AA86: 0.024 | AB86: 0.69314718 | AC86: 4.4659081 | AD86: 2.8332133 | AE86: 2.2407097 | AF86: 0.023716527 | AG86: =AND("Zeta" ='Keto-CTA with change &Ln-Values'!$B79) -> FALSE | AH86: =ABS(X86) > 0 -> TRUE
A87: 84 | B87: Eta | C87: 4 | D87: 5 | E87: 17 | F87: 35 | G87: 58.9 | H87: 76.4 | I87: 12.5 | J87: 18 | K87: 0.028 | L87: 0.039 | M87: 1.6094379 | N87: 1.7917595 | O87: 2.8903718 | P87: 3.5835189 | Q87: 4.0926765 | R87: 4.3489868 | S87: 0.028 | T87: 2.6026897 | U87: 2.944439 | V87: 0.027615167 | W87: 0.038258712 | X87: 18 | Y87: 17.5 | Z87: 5.5 | AA87: 0.011 | AB87: 0.69314718 | AC87: 2.9177707 | AD87: 2.944439 | AE87: 1.8718022 | AF87: 0.01093994 | AG87: =AND("Zeta" ='Keto-CTA with change &Ln-Values'!$B85) -> FALSE | AH87: =ABS(X87) > 0 -> TRUE
A88: 95 | B88: Zeta | C88: 8 | D88: 7 | E88: 175 | F88: 193 | G88: 73.4 | H88: 92.7 | I88: 76.2 | J88: 88.3 | K88: 0.073 | L88: 0.087 | M88: 2.1972246 | N88: 2.0794415 | O88: 5.170484 | P88: 5.2678582 | Q88: 4.3094559 | R88: 4.5400982 | S88: 0.073 | T88: 4.3463995 | U88: 4.4920015 | V88: 0.070458464 | W88: 0.08342160813907236-1 | X88: 18 | Y88: 19.3 | Z88: 12.1 | AA88: 0.014 | AB88: 0.69314718 | AC88: 3.0106209 | AD88: 2.944439 | AE88: 2.5726122 | AF88: 0.013902905 | AG88: =AND("Zeta" ='Keto-CTA with change &Ln-Values'!$B96) -> FALSE | AH88: =ABS(X88) > 0 -> TRUE
A89: 82 | B89: Eta | C89: 4 | D89: 4 | E89: 191 | F89: 218 | G89: 233.8 | H89: 345.8 | I89: 63.9 | J89: 82.6 | K89: 0.096 | L89: 0.122 | M89: 1.6094379 | N89: 1.6094379 | O89: 5.2574954 | P89: 5.3890717 | Q89: 5.4587341 | R89: 5.8487482 | S89: 0.096 | T89: 4.1728476 | U89: 4.4260435 | V89: 0.091667189 | W89: 0.11511281 | X89: 27 | Y89: 112 | Z89: 18.7 | AA89: 0.026 | AB89: 0 | AC89: 4.7273878 | AD89: 3.3322045 | AE89: 2.9806186 | AF89: 0.025667747 | AG89: =AND("Zeta" ='Keto-CTA with change &Ln-Values'!$B83) -> FALSE | AH89: =ABS(X89) > 0 -> TRUE
A90: 83 | B90: Eta | C90: 4 | D90: 5 | E90: 217 | F90: 245 | G90: 169 | H90: 182.2 | I90: 73.8 | J90: 88.2 | K90: 0.072 | L90: 0.077 | M90: 1.6094379 | N90: 1.7917595 | O90: 5.3844951 | P90: 5.5053315 | Q90: 5.1357984 | R90: 5.2105785 | S90: 0.072 | T90: 4.3148179 | U90: 4.490881 | V90: 0.069526063 | W90: 0.074179398 | X90: 28 | Y90: 13.2 | Z90: 14.4 | AA90: 0.005 | AB90: 0.69314718 | AC90: 2.653242 | AD90: 3.3672958 | AE90: 2.7343675 | AF90: 0.0049875415 | AG90: =AND("Zeta" ='Keto-CTA with change &Ln-Values'!$B84) -> FALSE | AH90: =ABS(X90) > 0 -> TRUE
A91: 80 | B91: Eta | C91: 3 | D91: 4 | E91: 66 | F91: 97 | G91: 78 | H91: 89.6 | I91: 24 | J91: 28.2 | K91: 0.052 | L91: 0.078 | M91: 1.3862944 | N91: 1.6094379 | O91: 4.2046926 | P91: 4.5849675 | Q91: 4.3694479 | R91: 4.5064542 | S91: 0.052 | T91: 3.2188758 | U91: 3.3741687 | V91: 0.050693114 | W91: 0.075107472 | X91: 31 | Y91: 11.6 | Z91: 4.2 | AA91: 0.026 | AB91: 0.69314718 | AC91: 2.5336968 | AD91: 3.4657359 | AE91: 1.6486586 | AF91: 0.025667747 | AG91: =AND("Zeta" ='Keto-CTA with change &Ln-Values'!$B81) -> FALSE | AH91: =ABS(X91) > 0 -> TRUE
A92: 85 | B92: Eta | C92: 4 | D92: 5 | E92: 222 | F92: 253 | G92: 244.9 | H92: 357.9 | I92: 77.4 | J92: 82.4 | K92: 0.068 | L92: 0.101 | M92: 1.6094379 | N92: 1.7917595 | O92: 5.4071718 | P92: 5.5373343 | Q92: 5.5049249 | R92: 5.8830438 | S92: 0.068 | T92: 4.3618239 | U92: 4.4236483 | V92: 0.065787741 | W92: 0.096218858 | X92: 31 | Y92: 113 | Z92: 5 | AA92: 0.033 | AB92: 0.69314718 | AC92: 4.7361984 | AD92: 3.4657359 | AE92: 1.7917595 | AF92: 0.03246719 | AG92: =AND("Zeta" ='Keto-CTA with change &Ln-Values'!$B86) -> FALSE | AH92: =ABS(X92) > 0 -> TRUE
A93: 93 | B93: Eta | C93: 7 | D93: 7 | E93: 199 | F93: 230 | G93: 290.8 | H93: 378.9 | I93: 88.9 | J93: 101.9 | K93: 0.13 | L93: 0.164 | M93: 2.0794415 | N93: 2.0794415 | O93: 5.2983174 | P93: 5.4424177 | Q93: 5.6760686 | R93: 5.9399081 | S93: 0.13 | T93: 4.4986979 | U93: 4.6337576 | V93: 0.12221763 | W93: 0.15186235 | X93: 31 | Y93: 88.1 | Z93: 13 | AA93: 0.034 | AB93: 0 | AC93: 4.4897593 | AD93: 3.4657359 | AE93: 2.6390573 | AF93: 0.033434776 | AG93: =AND("Zeta" ='Keto-CTA with change &Ln-Values'!$B94) -> FALSE | AH93: =ABS(X93) > 0 -> TRUE
A94: 100 | B94: Eta | C94: 13 | D94: 14 | E94: 221 | F94: 256 | G94: 450.6 | H94: 606.5 | I94: 70 | J94: 92.2 | K94: 0.144 | L94: 0.189 | M94: 2.6390573 | N94: 2.7080502 | O94: 5.4026774 | P94: 5.5490761 | Q94: 6.1127968 | R94: 6.4093522 | S94: 0.144 | T94: 4.2626799 | U94: 4.5347477 | V94: 0.13453089 | W94: 0.17311262 | X94: 35 | Y94: 155.9 | Z94: 22.2 | AA94: 0.045 | AB94: 0.69314718 | AC94: 5.0556087 | AD94: 3.5835189 | AE94: 3.1441523 | AF94: 0.044016885 | AG94: =AND("Zeta" ='Keto-CTA with change &Ln-Values'!$B101) -> FALSE | AH94: =ABS(X94) > 0 -> TRUE
A95: 76 | B95: Eta | C95: 3 | D95: 3 | E95: 69 | F95: 105 | G95: 53.4 | H95: 112.2 | I95: 33.2 | J95: 43.1 | K95: 0.034 | L95: 0.056 | M95: 1.3862944 | N95: 1.3862944 | O95: 4.2484952 | P95: 4.6634391 | Q95: 3.9963642 | R95: 4.7291562 | S95: 0.034 | T95: 3.5322256 | U95: 3.7864598 | V95: 0.033434776 | W95: 0.054488185 | X95: 36 | Y95: 58.8 | Z95: 9.9 | AA95: 0.022 | AB95: 0 | AC95: 4.0910057 | AD95: 3.6109179 | AE95: 2.3887628 | AF95: 0.021761492 | AG95: =AND("Zeta" ='Keto-CTA with change &Ln-Values'!$B77) -> FALSE | AH95: =ABS(X95) > 0 -> TRUE
A96: 86 | B96: Eta | C96: 4 | D96: 6 | E96: 211 | F96: 254 | G96: 365.6 | H96: 428.5 | I96: 86 | J96: 119.9 | K96: 0.156 | L96: 0.2 | M96: 1.6094379 | N96: 1.9459101 | O96: 5.3565863 | P96: 5.5412635 | Q96: 5.9042713 | R96: 6.0626217 | S96: 0.156 | T96: 4.4659081 | U96: 4.7949638 | V96: 0.14496577 | W96: 0.18232156 | X96: 43 | Y96: 62.9 | Z96: 33.9 | AA96: 0.044 | AB96: 1.0986123 | AC96: 4.1573194 | AD96: 3.7841896 | AE96: 3.5524868 | AF96: 0.043059489 | AG96: =AND("Zeta" ='Keto-CTA with change &Ln-Values'!$B87) -> FALSE | AH96: =ABS(X96) > 0 -> TRUE
A97: 79 | B97: Eta | C97: 3 | D97: 4 | E97: 53 | F97: 103 | G97: 130.5 | H97: 179 | I97: 19.6 | J97: 43.9 | K97: 0.048 | L97: 0.067 | M97: 1.3862944 | N97: 1.6094379 | O97: 3.988984 | P97: 4.6443909 | Q97: 4.8790069 | R97: 5.1929569 | S97: 0.048 | T97: 3.0252911 | U97: 3.8044378 | V97: 0.046883586 | W97: 0.064850972 | X97: 50 | Y97: 48.5 | Z97: 24.3 | AA97: 0.019 | AB97: 0.69314718 | AC97: 3.9019727 | AD97: 3.9318256 | AE97: 3.2308044 | AF97: 0.018821754 | AG97: =AND("Zeta" ='Keto-CTA with change &Ln-Values'!$B80) -> FALSE | AH97: =ABS(X97) > 0 -> TRUE
A98: 98 | B98: Eta | C98: 8 | D98: 12 | E98: 265 | F98: 322 | G98: 200.3 | H98: 275.1 | I98: 90.1 | J98: 106.1 | K98: 0.122 | L98: 0.146 | M98: 2.1972246 | N98: 2.5649494 | O98: 5.5834963 | P98: 5.7776523 | Q98: 5.3047963 | R98: 5.6207631 | S98: 0.122 | T98: 4.5119578 | U98: 4.673763 | V98: 0.11511281 | W98: 0.13627762 | X98: 57 | Y98: 74.8 | Z98: 16 | AA98: 0.024 | AB98: 1.6094379 | AC98: 4.3280983 | AD98: 4.060443 | AE98: 2.8332133 | AF98: 0.023716527 | AG98: =AND("Zeta" ='Keto-CTA with change &Ln-Values'!$B99) -> TRUE | AH98: =ABS(X98) > 0 -> TRUE
A99: 94 | B99: Zeta | C99: 8 | D99: 7 | E99: 291 | F99: 351 | G99: 174.9 | H99: 245 | I99: 117.6 | J99: 120.5 | K99: 0.095 | L99: 0.116 | M99: 2.1972246 | N99: 2.0794415 | O99: 5.6767538 | P99: 5.8636312 | Q99: 5.1699157 | R99: 5.5053315 | S99: 0.095 | T99: 4.7757565 | U99: 4.7999143 | V99: 0.090754363 | W99: 0.10975086395911929-1 | X99: 60 | Y99: 70.1 | Z99: 2.9 | AA99: 0.021 | AB99: 0.69314718 | AC99: 4.2640873 | AD99: 4.1108739 | AE99: 1.3609766 | AF99: 0.020782539 | AG99: =AND("Zeta" ='Keto-CTA with change &Ln-Values'!$B95) -> FALSE | AH99: =ABS(X99) > 0 -> TRUE
A100: 99 | B100: Eta | C100: 9 | D100: 9 | E100: 194 | F100: 272 | G100: 71.8 | H100: 103.6 | I100: 86.5 | J100: 114.2 | K100: 0.071 | L100: 0.097 | M100: 2.3025851 | N100: 2.3025851 | O100: 5.2729996 | P100: 5.6094718 | Q100: 4.287716 | R100: 4.6501436 | S100: 0.071 | T100: 4.4716388 | U100: 4.7466697 | V100: 0.068592791 | W100: 0.092579181 | X100: 78 | Y100: 31.8 | Z100: 27.7 | AA100: 0.026 | AB100: 0 | AC100: 3.4904285 | AD100: 4.3694479 | AE100: 3.3568971 | AF100: 0.025667747 | AG100: =AND("Zeta" ='Keto-CTA with change &Ln-Values'!$B100) -> FALSE | AH100: =ABS(X100) > 0 -> TRUE
A101: 96 | B101: Eta | C101: 8 | D101: 8 | E101: 556 | F101: 768 | G101: 255.8 | H101: 389.6 | I101: 209.2 | J101: 215.4 | K101: 0.141 | L101: 0.176 | M101: 2.1972246 | N101: 2.1972246 | O101: 6.3225652 | P101: 6.645091 | Q101: 5.5482976 | R101: 5.967684 | S101: 0.141 | T101: 5.3480595 | U101: 5.3771285 | V101: 0.13190507 | W101: 0.16211885 | X101: 212 | Y101: 133.8 | Z101: 6.2 | AA101: 0.035 | AB101: 0 | AC101: 4.9037922 | AD101: 5.3612922 | AE101: 1.974081 | AF101: 0.034401427 | AG101: =AND("Zeta" ='Keto-CTA with change &Ln-Values'!$B97) -> FALSE | AH101: =ABS(X101) > 0 -> TRUE

Sheet Sheet1
A1: - | B1: - | C1: Cac1 vs. Cac0 -- Beta | M1: - | N1: - | O1: LnCac1 vs. LnCac0 -- Beta | AA1: - | AB1: - | AC1: Ln(Qangio0/Tcpv1) vs. Ln(Ncpv1/Tcpv1) -- Qangio | AL1: - | AM1: - | AN1: Ln(Ncpv0/Tcpv1) vs. Ln(Ncpv1/Tcpv1) -- Alpha | AX1: - | AY1: - | AZ1: Ln(Ncpv1/Tcpv1) vs. Ln(Ncpv0/Tcpv0) -- Alpha | BL1: - | BM1: - | BN1: Ln(Ncpv0/Tcpv1) vs. Ln(Ncpv1/Tcpv0) -- Alpha | BX1: - | BY1: - | BZ1: LnNcpv1 vs. LnNcpv0 -- Alpha | CJ1: - | CK1: - | CL1: growthCac vs LnDCac -- Eta
A2: - | B2: - | C2: Slope: 1.2122 N=40 R^2: 0.9742 p-value: 0.000001 y-int -0.5124 | M2: - | N2: - | O2: Slope: 0.8716 N=40 R^2: 0.9857 p-value: 0.000000 y-int 0.7957 | AA2: - | AB2: - | AC2: Slope: 0.8152 N=10 R^2: 0.9080 p-value: 0.022866 y-int -0.6147 | AL2: - | AM2: - | AN2: Slope: 0.8842 N=88 R^2: 0.9627 p-value: 0.000003 y-int -0.0921 | AX2: - | AY2: - | AZ2: Slope: 0.4428 N=88 R^2: 0.1083 p-value: 0.731243 y-int 1.6960 | BL2: - | BM2: - | BN2: Slope: 0.3223 N=88 R^2: 0.0932 p-value: 0.752096 y-int 1.4251 | BX2: - | BY2: - | BZ2: Slope: 0.8110 N=88 R^2: 0.9124 p-value: 0.001983 y-int 1.2190 | CJ2: - | CK2: - | CL2: Slope: -2.8201 N=17 R^2: 0.1597 p-value: 0.687961 y-int 14.3495
A3: Id | B3: Cac0 | C3: Cac1 | M3: Id | N3: LnCac0 | O3: LnCac1 | AA3: Id | AB3: Ln(Ncpv1/Tcpv1) | AC3: Ln(Qangio0/Tcpv1) | AL3: Id | AM3: Ln(Ncpv1/Tcpv1) | AN3: Ln(Ncpv0/Tcpv1) | AX3: Id | AY3: Ln(Ncpv0/Tcpv0) | AZ3: Ln(Ncpv1/Tcpv1) | BL3: Id | BM3: Ln(Ncpv1/Tcpv0) | BN3: Ln(Ncpv0/Tcpv1) | BX3: Id | BY3: LnNcpv0 | BZ3: LnNcpv1 | CJ3: Id | CK3: LnDCac | CL3: growthCac
A4: 17 | B4: 0 | C4: 1 | M4: 17 | N4: 0 | O4: 0.69314718 | AA4: 2 | AB4: 0 | AC4: 0 | AL4: 1 | AM4: 0 | AN4: 0 | AX4: 1 | AY4: 0 | AZ4: 0 | BL4: 1 | BM4: 0 | BN4: 0 | BX4: 1 | BY4: 2.3321439 | BZ4: 2.9856819 | CJ4: 84 | CK4: 2.944439 | CL4: 0.95985855
A5: 49 | B5: 0 | C5: 2 | M5: 49 | N5: 0 | O5: 1.0986123 | AA5: 53 | AB5: 2.4882124 | AC5: 0.3345783 | AL5: 9 | AM5: 0 | AN5: 0 | AX5: 3 | AY5: 0 | AZ5: 4.7621739 | BL5: 9 | BM5: 0 | BN5: 0 | BX5: 3 | BY5: 2.014903 | BZ5: 3.1863526 | CJ5: 79 | CK5: 3.9318256 | CL5: 1.0432097
A6: 50 | B6: 0 | C6: 1 | M6: 50 | N6: 0 | O6: 0.69314718 | AA6: 86 | AB6: 1.5203469 | AC6: 0.40574308 | AL6: 10 | AM6: 0 | AN6: 0 | AX6: 4 | AY6: 0 | AZ6: 2.4079456 | BL6: 10 | BM6: 0 | BN6: 0 | BX6: 4 | BY6: 1.0296194 | BZ6: 2.3125354 | CJ6: 76 | CK6: 3.6109179 | CL6: 1.6509249
A7: 52 | B7: 0 | C7: 1 | M7: 52 | N7: 0 | O7: 0.69314718 | AA7: 96 | AB7: 1.0327317 | AC7: 0.4186859 | AL7: 12 | AM7: 0 | AN7: 0 | AX7: 5 | AY7: 0 | AZ7: 3.7455748 | BL7: 12 | BM7: 0 | BN7: 0 | BX7: 5 | BY7: 2.8094027 | BZ7: 3.2503745 | CJ7: 62 | CK7: 2.7080502 | CL7: 1.659298
A8: 53 | B8: 0 | C8: 1 | M8: 53 | N8: 0 | O8: 0.69314718 | AA8: 93 | AB8: 1.5514594 | AC8: 0.50531488 | AL8: 13 | AM8: 0 | AN8: 0 | AX8: 6 | AY8: 0 | AZ8: 3.2027464 | BL8: 13 | BM8: 0 | BN8: 0 | BX8: 6 | BY8: 2.4336134 | BZ8: 2.5494452 | CJ8: 80 | CK8: 3.4657359 | CL8: 1.8001193
A9: 57 | B9: 4 | C9: 6 | M9: 57 | N9: 1.6094379 | O9: 1.9459101 | AA9: 87 | AB9: 1.6454409 | AC9: 0.63215996 | AL9: 16 | AM9: 0 | AN9: 0 | AX9: 8 | AY9: 0 | AZ9: 6.7165948 | BL9: 16 | BM9: 0 | BN9: 0 | BX9: 7 | BY9: 3.8999504 | BZ9: 4.3993753 | CJ9: 99 | CK9: 4.3694479 | CL9: 2.0510717
A10: 59 | B10: 37 | C10: 37 | M10: 59 | N10: 3.6375862 | O10: 3.6375862 | AA10: 100 | AB10: 2.0252613 | AC10: 0.78529718 | AL10: 18 | AM10: 0 | AN10: 0 | AX10: 9 | AY10: 0 | AZ10: 0 | BL10: 18 | BM10: 0 | BN10: 0 | BX10: 8 | BY10: 4.1987046 | BZ10: 4.4248466 | CJ10: 96 | CK10: 5.3612922 | CL10: 2.1458241
A11: 61 | B11: 9 | C11: 13 | M11: 61 | N11: 2.3025851 | O11: 2.6390573 | AA11: 85 | AB11: 1.6758709 | AC11: 1.0238818 | AL11: 20 | AM11: 0 | AN11: 0 | AX11: 10 | AY11: 0 | AZ11: 0 | BL11: 19 | BM11: 0 | BN11: 0 | BX11: 9 | BY11: 1.5686159 | BZ11: 2.6461748 | CJ11: 98 | CK11: 4.060443 | CL11: 3.5578537
A12: 62 | B12: 27 | C12: 41 | M12: 62 | N12: 3.3322045 | O12: 3.7376696 | AA12: 82 | AB12: 1.6460477 | AC12: 1.0438723 | AL12: 21 | AM12: 0 | AN12: 0 | AX12: 12 | AY12: 0 | AZ12: 0 | BL12: 20 | BM12: 0 | BN12: 0 | BX12: 10 | BY12: 3.7796338 | BZ12: 4.1805223 | CJ12: 86 | CK12: 3.7841896 | CL12: 3.7371233
A13: 64 | B13: 63 | C13: 67 | M13: 64 | N13: 4.1588831 | O13: 4.2195077 | AA13: 48 | AB13: 6.9479371 | AC13: 5.4424177 | AL13: 24 | AM13: 0 | AN13: 0 | AX13: 13 | AY13: 0 | AZ13: 0 | BL13: 21 | BM13: 0 | BN13: 0 | BX13: 11 | BY13: 3.1223649 | BZ13: 3.8155121 | CJ13: 78 | CK13: 2.8332133 | CL13: 3.8452245
A14: 67 | B14: 4 | C14: 8 | M14: 67 | N14: 1.6094379 | O14: 2.1972246 | AA14: Regression Set Lower Upper Slope Std Err xSD ySD p-value | AL14: 25 | AM14: 0 | AN14: 0 | AX14: 14 | AY14: 0 | AZ14: 6.3279368 | BL14: 24 | BM14: 0 | BN14: 0 | BX14: 12 | BY14: 1.7749524 | BZ14: 2.8735646 | CJ14: 100 | CK14: 3.5835189 | CL14: 4.7148141
A15: 68 | B15: 0 | C15: 3 | M15: 68 | N15: 0 | O15: 1.3862944 | AA15: Ln(Qangio0/Tcpv1) vs. Ln(Ncpv1/Tcpv1) Qangio 0.1461 1.4844 0.8152 0.2902 0.613 0.524 0.02286629 | AL15: 26 | AM15: 0 | AN15: 0 | AX15: 16 | AY15: 0 | AZ15: 0 | BL15: 25 | BM15: 0 | BN15: 0 | BX15: 13 | BY15: 3.3603754 | BZ15: 3.6963515 | CJ15: 93 | CK15: 3.4657359 | CL15: 4.7877717
A16: 69 | B16: 21 | C16: 21 | M16: 69 | N16: 3.0910425 | O16: 3.0910425 | AL16: 29 | AM16: 0 | AN16: 0 | AX16: 18 | AY16: 0 | AZ16: 0 | BL16: 26 | BM16: 0 | BN16: 0 | BX16: 14 | BY16: 3.152736 | BZ16: 4.0412953 | CJ16: 82 | CK16: 3.3322045 | CL16: 5.2423129
A17: 70 | B17: 10 | C17: 18 | M17: 70 | N17: 2.3978953 | O17: 2.944439 | AL17: 32 | AM17: 0 | AN17: 0 | AX17: 19 | AY17: 0 | AZ17: 1.8625285 | BL17: 29 | BM17: 0 | BN17: 0 | BX17: 15 | BY17: 3.314186 | BZ17: 4.2752763 | CJ17: 85 | CK17: 3.4657359 | CL17: 5.3028537
A18: 71 | B18: 3 | C18: 5 | M18: 71 | N18: 1.3862944 | O18: 1.7917595 | AL18: 33 | AM18: 0 | AN18: 0 | AX18: 20 | AY18: 0 | AZ18: 0 | BL18: 32 | BM18: 0 | BN18: 0 | BX18: 16 | BY18: 0 | BZ18: 0 | CJ18: 88 | CK18: 2.5649494 | CL18: 5.422271
A19: 72 | B19: 12 | C19: 17 | M19: 72 | N19: 2.5649494 | O19: 2.8903718 | AL19: 35 | AM19: 0 | AN19: 0 | AX19: 21 | AY19: 0 | AZ19: 0 | BL19: 33 | BM19: 0 | BN19: 0 | BX19: 17 | BY19: 1.9878743 | BZ19: 3.034953 | CJ19: 83 | CK19: 3.3672958 | CL19: 5.7114559
A20: 73 | B20: 39 | C20: 49 | M20: 73 | N20: 3.6888795 | O20: 3.912023 | AL20: 36 | AM20: 0 | AN20: 0 | AX20: 22 | AY20: 0 | AZ20: 3.5553481 | BL20: 35 | BM20: 0 | BN20: 0 | BX20: 18 | BY20: 2.1972246 | BZ20: 2.7911651 | CJ20: 90 | CK20: 2.5649494 | CL20: 22.756573
A21: 74 | B21: 2 | C21: 7 | M21: 74 | N21: 1.0986123 | O21: 2.0794415 | AL21: 39 | AM21: 0 | AN21: 0 | AX21: 24 | AY21: 0 | AZ21: 0 | BL21: 36 | BM21: 0 | BN21: 0 | BX21: 19 | BY21: 0 | BZ21: 2.6810215 | CJ21: Regression Set Mean X moe X Mean Y moe Y Slope xSD p-value
A22: 75 | B22: 21 | C22: 31 | M22: 75 | N22: 3.0910425 | O22: 3.4657359 | AL22: 41 | AM22: 0 | AN22: 0 | AX22: 25 | AY22: 0 | AZ22: 0 | BL22: 39 | BM22: 0 | BN22: 0 | BX22: 20 | BY22: 3.8437442 | BZ22: 4.1743873 | CJ22: growthCac vs LnDCac Gamma 0.000 0.000 0.000 0.000 NaN 0.000 1.00000000
A23: 76 | B23: 69 | C23: 105 | M23: 76 | N23: 4.2484952 | O23: 4.6634391 | AL23: 42 | AM23: 0 | AN23: 0 | AX23: 26 | AY23: 0 | AZ23: 0 | BL23: 41 | BM23: 0 | BN23: 0 | BX23: 21 | BY23: 2.6741486 | BZ23: 3.0773123 | CJ23: growthCac vs LnDCac Theta 1.318 0.064 7.825 1.406 -0.0393 0.147 0.99866018
A24: 78 | B24: 81 | C24: 97 | M24: 78 | N24: 4.4067192 | O24: 4.5849675 | AL24: 44 | AM24: 0 | AN24: 0 | AX24: 28 | AY24: 0 | AZ24: 3.988984 | BL24: 42 | BM24: 0 | BN24: 0 | BX24: 22 | BY24: 0.99325177 | BZ24: 2.0541237 | CJ24: growthCac vs LnDCac BetaUZeta 2.068 0.052 5.994 0.449 -0.3717 0.188 0.96628381
A25: 79 | B25: 53 | C25: 103 | M25: 79 | N25: 3.988984 | O25: 4.6443909 | AL25: 46 | AM25: 0 | AN25: 0 | AX25: 29 | AY25: 0 | AZ25: 0 | BL25: 44 | BM25: 0 | BN25: 0 | BX25: 23 | BY25: 3.0910425 | BZ25: 4.2239098 | CJ25: growthCac vs LnDCac Qangio 2.478 0.445 6.128 2.505 -0.5772 0.622 0.92887175
A26: 80 | B26: 66 | C26: 97 | M26: 80 | N26: 4.2046926 | O26: 4.5849675 | AL26: 60 | AM26: 0 | AN26: 0 | AX26: 30 | AY26: 0 | AZ26: 5.288267 | BL26: 46 | BM26: 0 | BN26: 0 | BX26: 24 | BY26: 1.9021075 | BZ26: 2.3887628 | CJ26: growthCac vs LnDCac Beta 2.243 0.066 6.409 0.615 -1.4488 0.206 0.87888498
A27: 81 | B27: 80 | C27: 81 | M27: 81 | N27: 4.3944492 | O27: 4.4067192 | AL27: 99 | AM27: 0.64562591 | AN27: 0.48779538 | AX27: 31 | AY27: 0 | AZ27: 4.5108595 | BL27: 60 | BM27: 0 | BN27: 0 | BX27: 25 | BY27: 2.8622009 | BZ27: 4.0842942 | CJ27: growthCac vs LnDCac Alpha 1.020 0.032 2.913 0.197 1.2592 0.152 0.83562200
A28: 82 | B28: 191 | C28: 218 | M28: 82 | N28: 5.2574954 | O28: 5.3890717 | AL28: 90 | AM28: 0.74161482 | AN28: 0.60469828 | AX28: 32 | AY28: 0 | AZ28: 0 | BL28: 99 | BM28: 0.78740584 | BN28: 0.48779538 | BX28: 26 | BY28: 0 | BZ28: 2.3223877 | CJ28: growthCac vs LnDCac Omega 1.075 0.028 3.117 0.175 1.3866 0.142 0.82118825
A29: 83 | B29: 217 | C29: 245 | M29: 83 | N29: 5.3844951 | O29: 5.5053315 | AL29: 96 | AM29: 1.0327317 | AN29: 0.78278587 | AX29: 33 | AY29: 0 | AZ29: 0 | BL29: 90 | BM29: 0.8567963 | BN29: 0.60469828 | BX29: 27 | BY29: 3.1904764 | BZ29: 3.2846636 | CJ29: growthCac vs LnDCac Zeta 1.485 0.269 4.611 1.928 2.1745 0.423 0.77728038
A30: 84 | B30: 17 | C30: 35 | M30: 84 | N30: 2.8903718 | O30: 3.5835189 | AL30: 83 | AM30: 1.1202954 | AN30: 1.070247 | AX30: 34 | AY30: 0 | AZ30: 3.5457786 | BL30: 96 | BM30: 1.0516369 | BN30: 0.78278587 | BX30: 28 | BY30: 1.8405496 | BZ30: 1.8405496 | CJ30: growthCac vs LnDCac Eta 3.495 0.091 4.493 0.641 -2.8201 0.177 0.68796130
A31: 85 | B31: 222 | C31: 253 | M31: 85 | N31: 5.4071718 | O31: 5.5373343 | AL31: 98 | AM31: 1.2789421 | AN31: 1.0605094 | AX31: 35 | AY31: 0 | AZ31: 0 | BL31: 76 | BM31: 1.4769387 | BN31: 0.80602001 | BX31: 29 | BY31: 4.6259527 | BZ31: 5.0600602
A32: 86 | B32: 211 | C32: 254 | M32: 86 | N32: 5.3565863 | O32: 5.5412635 | AL32: 76 | AM32: 1.2818357 | AN32: 0.80602001 | AX32: 36 | AY32: 0 | AZ32: 0 | BL32: 64 | BM32: 1.5070558 | BN32: 0.93059713 | BX32: 30 | BY32: 2.3887628 | BZ32: 3.6988298
A33: 87 | B33: 101 | C33: 103 | M33: 87 | N33: 4.6249728 | O33: 4.6443909 | AL33: 97 | AM33: 1.3492289 | AN33: 1.0331601 | AX33: 39 | AY33: 0 | AZ33: 0 | BL33: 97 | BM33: 1.8664918 | BN33: 1.0331601 | BX33: 31 | BY33: 1.458615 | BZ33: 2.3025851
A34: 88 | B34: 88 | C34: 100 | M34: 88 | N34: 4.4886364 | O34: 4.6151205 | AL34: 92 | AM34: 1.3687257 | AN34: 1.1977205 | AX34: 40 | AY34: 0 | AZ34: 5.5412635 | BL34: 17 | BM34: 3.034953 | BN34: 1.0483505 | BX34: 32 | BY34: 0 | BZ34: 1.5892352
A35: 90 | B35: 388 | C35: 400 | M35: 90 | N35: 5.9635793 | O35: 5.9939614 | AL35: 64 | AM35: 1.3906078 | AN35: 0.93059713 | AX35: 41 | AY35: 0 | AZ35: 0 | BL35: 98 | BM35: 1.399525 | BN35: 1.0605094 | BX35: 33 | BY35: 2.7972813 | BZ35: 3.2846636
A36: 91 | B36: 119 | C36: 124 | M36: 91 | N36: 4.7874917 | O36: 4.8283137 | AL36: 80 | AM36: 1.4296663 | AN36: 1.3260021 | AX36: 42 | AY36: 0 | AZ36: 0 | BL36: 83 | BM36: 1.2438187 | BN36: 1.070247 | BX36: 34 | BY36: 3.2188758 | BZ36: 3.7232809
A37: 92 | B37: 295 | C37: 300 | M37: 92 | N37: 5.6903595 | O37: 5.7071103 | AL37: 62 | AM37: 1.4804077 | AN37: 1.3813479 | AX37: 44 | AY37: 0 | AZ37: 0 | BL37: 4 | BM37: 0 | BN37: 1.0986123 | BX37: 35 | BY37: 3.3775875 | BZ37: 4.0775374
A38: 93 | B38: 199 | C38: 230 | M38: 93 | N38: 5.2983174 | O38: 5.4424177 | AL38: 86 | AM38: 1.5203469 | AN38: 1.3985212 | AX38: 46 | AY38: 0 | AZ38: 0 | BL38: 37 | BM38: 3.0155349 | BN38: 1.1631508 | BX38: 36 | BY38: 3.0773123 | BZ38: 3.2995337
A39: 96 | B39: 556 | C39: 768 | M39: 96 | N39: 6.3225652 | O39: 6.645091 | AL39: 93 | AM39: 1.5514594 | AN39: 1.349054 | AX39: 47 | AY39: 0 | AZ39: 6.8916259 | BL39: 92 | BM39: 1.4466798 | BN39: 1.1977205 | BX39: 37 | BY39: 1.1631508 | BZ39: 2.3702437
A40: 97 | B40: 47 | C40: 54 | M40: 97 | N40: 3.871201 | O40: 4.0073332 | AL40: 79 | AM40: 1.6248089 | AN40: 1.3794372 | AX40: 48 | AY40: 0 | AZ40: 6.9479371 | BL40: 87 | BM40: 1.6702314 | BN40: 1.2035087 | BX40: 38 | BY40: 2.5952547 | BZ40: 3.1780538
A41: 98 | B41: 265 | C41: 322 | M41: 98 | N41: 5.5834963 | O41: 5.7776523 | AL41: 61 | AM41: 1.6308291 | AN41: 1.4950276 | AX41: 60 | AY41: 0 | AZ41: 0 | BL41: 78 | BM41: 2.1784447 | BN41: 1.3233154 | BX41: 39 | BY41: 3.2027464 | BZ41: 3.813307
A42: 99 | B42: 194 | C42: 272 | M42: 99 | N42: 5.2729996 | O42: 5.6094718 | AL42: 87 | AM42: 1.6454409 | AN42: 1.2035087 | AX42: 67 | AY42: 0 | AZ42: 3.6262439 | BL42: 80 | BM42: 1.5546297 | BN42: 1.3260021 | BX42: 40 | BY42: 2.9014216 | BZ42: 3.273364
A43: 100 | B43: 221 | C43: 256 | M43: 100 | N43: 5.4026774 | O43: 5.5490761 | AL43: 82 | AM43: 1.6460477 | AN43: 1.3429976 | AX43: 68 | AY43: 0 | AZ43: 6.2742911 | BL43: 82 | BM43: 1.8581058 | BN43: 1.3429976 | BX43: 41 | BY43: 3.226844 | BZ43: 3.5918177
A44: Regression Set Mean X moe X Mean Y moe Y Slope xSD p-value | M44: Regression Set Mean X moe X Mean Y moe Y Slope xSD p-value | AL44: 84 | AM44: 1.6571693 | AN44: 1.4521341 | AX44: 71 | AY44: 0 | AZ44: 6.0890449 | BL44: 93 | BM44: 1.6605287 | BN44: 1.349054 | BX44: 42 | BY44: 0.87546874 | BZ44: 1.7227666
A45: Cac1 vs. Cac0 Gamma 0.000 0.000 0.000 0.000 NaN 0.000 1.00000000 | M45: LnCac1 vs. LnCac0 Gamma 0.000 0.000 0.000 0.000 NaN 0.000 1.00000000 | AL45: 85 | AM45: 1.6758709 | AN45: 1.3792917 | AX45: 99 | AY45: 0.60434755 | AZ45: 0.64562591 | BL45: 85 | BM45: 1.7270487 | BN45: 1.3792917 | BX45: 43 | BY45: 3.6296601 | BZ45: 4.3969152
A46: Cac1 vs. Cac0 Eta 180.294 17.834 223.294 22.442 1.2347 34.686 0.00024839 | M46: LnCac1 vs. LnCac0 Zeta 2.808 0.459 2.479 0.509 1.0808 0.723 0.00278009 | AL46: 73 | AM46: 1.7479327 | AN46: 1.6181378 | AX46: 90 | AY46: 0.70525177 | AZ46: 0.74161482 | BL46: 79 | BM46: 2.3157632 | BN46: 1.3794372 | BX46: 44 | BY46: 2.9907197 | BZ46: 3.1311369
A47: Cac1 vs. Cac0 Zeta 91.333 23.889 94.417 25.939 1.0769 37.599 0.00003316 | M47: LnCac1 vs. LnCac0 BetaUZeta 3.279 0.080 3.477 0.079 0.9528 0.288 0.00028121 | AL47: 91 | AM47: 1.7586325 | AN47: 1.6338564 | AX47: 96 | AY47: 0.79874667 | AZ47: 1.0327317 | BL47: 62 | BM47: 1.7617177 | BN47: 1.3813479 | BX47: 45 | BY47: 1.5686159 | BZ47: 1.6094379
A48: Cac1 vs. Cac0 Qangio 170.100 39.641 208.300 53.969 1.3543 55.414 0.00002460 | M48: LnCac1 vs. LnCac0 Eta 4.871 0.119 5.141 0.102 0.8510 0.231 0.00004815 | AL48: 19 | AM48: 1.8625285 | AN48: 0 | AX48: 76 | AY48: 0.95874994 | AZ48: 1.2818357 | BL48: 86 | BM48: 1.7888483 | BN48: 1.3985212 | BX48: 46 | BY48: 3.0445224 | BZ48: 3.5204608
A49: Cac1 vs. Cac0 Beta 98.300 6.364 118.650 7.816 1.2122 19.898 0.00000058 | M49: LnCac1 vs. LnCac0 Qangio 3.767 0.627 3.944 0.623 0.9903 0.877 0.00000315 | AL49: 78 | AM49: 1.8919226 | AN49: 1.3233154 | AX49: 64 | AY49: 1.0255363 | AZ49: 1.3906078 | BL49: 84 | BM49: 1.9617835 | BN49: 1.4521341 | BX49: 47 | BY49: 4.1399551 | BZ49: 4.5981456
A50: Cac1 vs. Cac0 BetaUZeta 96.692 4.802 113.058 5.765 1.1836 17.247 0.00000053 | M50: LnCac1 vs. LnCac0 Theta 2.348 0.168 2.768 0.139 0.8168 0.389 0.00000038 | AL50: 17 | AM50: 1.9203768 | AN50: 1.0483505 | AX50: 98 | AY50: 1.1703391 | AZ50: 1.2789421 | BL50: 61 | BM50: 2.0680128 | BN50: 1.4950276 | BX50: 48 | BY50: 3.3178158 | BZ50: 4.6539604
A51: Cac1 vs. Cac0 Omega 50.280 2.011 58.790 2.400 1.1803 10.137 0.00000000 | M51: LnCac1 vs. LnCac0 Omega 1.705 0.044 1.808 0.045 1.0125 0.222 0.00000004 | AL51: 100 | AM51: 2.0252613 | AN51: 1.7727808 | AX51: 83 | AY51: 1.1908793 | AZ51: 1.1202954 | BL51: 73 | BM51: 1.8700721 | BN51: 1.6181378 | BX51: 49 | BY51: 3.7062281 | BZ51: 4.060443
A52: Cac1 vs. Cac0 Alpha 44.682 2.196 53.932 2.685 1.2109 10.364 0.00000000 | M52: LnCac1 vs. LnCac0 Beta 3.420 0.100 3.777 0.088 0.8716 0.313 0.00000000 | AL52: 59 | AM52: 2.0740507 | AN52: 1.7154434 | AX52: 87 | AY52: 1.2250412 | AZ52: 1.6454409 | BL52: 91 | BM52: 1.7929297 | BN52: 1.6338564 | BX52: 50 | BY52: 3.3068867 | BZ52: 4.1222839
A53: Cac1 vs. Cac0 Theta 37.696 6.072 41.304 6.117 1.0065 14.041 0.00000000 | M53: LnCac1 vs. LnCac0 Alpha 1.555 0.049 1.717 0.050 1.0184 0.231 0.00000000 | AL53: 81 | AM53: 2.1372273 | AN53: 1.7811613 | AX53: 92 | AY53: 1.2708904 | AZ53: 1.3687257 | BL53: 53 | BM53: 3.4797877 | BN53: 1.6944606 | BX53: 52 | BY53: 3.08191 | BZ53: 3.8437442
AL54: 88 | AM54: 2.1998321 | AN54: 1.9778453 | AX54: 85 | AY54: 1.426496 | AZ54: 1.6758709 | BL54: 59 | BM54: 2.1326009 | BN54: 1.7154434 | BX54: 53 | BY54: 4.2209772 | BZ54: 5.1221767
AL55: 75 | AM55: 2.2918406 | AN55: 2.2140458 | AX55: 80 | AY55: 1.446919 | AZ55: 1.4296663 | BL55: 11 | BM55: 2.8247745 | BN55: 1.761682 | BX55: 57 | BY55: 4.5612183 | BZ55: 4.8812856
AL56: 37 | AM56: 2.3702437 | AN56: 1.1631508 | AX56: 93 | AY56: 1.4518693 | AZ56: 1.5514594 | BL56: 100 | BM56: 2.2684372 | BN56: 1.7727808 | BX56: 58 | BY56: 4.428433 | BZ56: 4.9829215
AL57: 11 | AM57: 2.3857 | AN57: 1.761682 | AX57: 97 | AY57: 1.4963977 | AZ57: 1.3492289 | BL57: 81 | BM57: 2.58223 | BN57: 1.7811613 | BX57: 59 | BY57: 3.7704594 | BZ57: 4.1850989
AL58: 4 | AM58: 2.4079456 | AN58: 1.0986123 | AX58: 82 | AY58: 1.5387669 | AZ58: 1.6460477 | BL58: 88 | BM58: 2.3090538 | BN58: 1.9778453 | BX58: 60 | BY58: 1.686399 | BZ58: 2.501436
AL59: 53 | AM59: 2.4882124 | AN59: 1.6944606 | AX59: 78 | AY59: 1.575376 | AZ59: 1.8919226 | BL59: 69 | BM59: 2.6078335 | BN59: 2.021386 | BX59: 61 | BY59: 2.6246686 | BZ59: 2.7850112
AL60: 70 | AM60: 2.5316371 | AN60: 2.365386 | AX60: 62 | AY60: 1.6551079 | AZ60: 1.4804077 | BL60: 75 | BM60: 2.5194344 | BN60: 2.2140458 | BX60: 62 | BY60: 3.835142 | BZ60: 3.9627161
AL61: 69 | AM61: 2.5733567 | AN61: 2.021386 | AX61: 86 | AY61: 1.6584495 | AZ61: 1.5203469 | BL61: 22 | BM61: 0 | BN61: 2.2512918 | BX61: 64 | BY61: 3.9945242 | BZ61: 4.6606049
AL62: 49 | AM62: 2.6358053 | AN62: 2.3048552 | AX62: 91 | AY62: 1.6672206 | AZ62: 1.7586325 | BL62: 49 | BM62: 3.7308437 | BN62: 2.3048552 | BX62: 67 | BY62: 4.9444955 | BZ62: 5.0408411
AL63: 45 | AM63: 3.0445224 | AN63: 2.9957323 | AX63: 37 | AY63: 1.686399 | AZ63: 2.3702437 | BL63: 70 | BM63: 2.8109076 | BN63: 2.365386 | BX63: 68 | BY63: 5.1503972 | BZ63: 5.3608226
AL64: 7 | AM64: 3.0981939 | AN64: 2.6200814 | AX64: 73 | AY64: 1.7369117 | AZ64: 1.7479327 | BL64: 7 | BM64: 4.6200588 | BN64: 2.6200814 | BX64: 69 | BY64: 4.0018637 | BZ64: 4.6081657
AL65: 6 | AM65: 3.2027464 | AN65: 3.08191 | AX65: 84 | AY65: 1.7425692 | AZ65: 1.6571693 | BL65: 50 | BM65: 4.0285932 | BN65: 2.6497146 | BX65: 70 | BY65: 3.9721769 | BZ65: 4.1510399
... AL91: 48 | AM91: 6.9479371 | AN91: 5.5872487 | AX91: 15 | AY91: 5.5834963 | AZ91: 5.4694656 | BL91: 8 | BM91: 0 | BN91: 6.487684 | BX91: 100 | BY91: 6.1127968 | BZ91: 6.4093522
AL92: Regression Set Mean X moe X Mean Y moe Y Slope xSD p-value | AX92: Regression Set Mean X moe X Mean Y moe Y Slope xSD p-value | BL92: Regression Set Mean X moe X Mean Y moe Y Slope xSD p-value | BX92: Regression Set Mean X moe X Mean Y moe Y Slope xSD p-value
AL93: Ln(Ncpv0/Tcpv1) vs. Ln(Ncpv1/Tcpv1) Eta 1.459 0.053 1.229 0.050 0.8885 0.104 0.01338734 | AX93: Ln(Ncpv1/Tcpv1) vs. Ln(Ncpv0/Tcpv0) Theta 2.090 0.113 2.810 0.129 -0.0514 0.262 0.96600267 | BL93: Ln(Ncpv0/Tcpv1) vs. Ln(Ncpv1/Tcpv0) Beta 2.105 0.058 1.936 0.064 0.1013 0.183 0.92865629 | BX93: LnNcpv1 vs. LnNcpv0 Gamma 2.523 0.051 3.249 0.043 0.7646 0.174 0.06252549
AL94: Ln(Ncpv0/Tcpv1) vs. Ln(Ncpv1/Tcpv1) Zeta 1.187 0.256 1.075 0.252 0.9760 0.404 0.00003200 | AX94: Ln(Ncpv1/Tcpv1) vs. Ln(Ncpv0/Tcpv0) Beta 1.803 0.053 2.236 0.065 0.2424 0.164 0.84775386 | BL94: Ln(Ncpv0/Tcpv1) vs. Ln(Ncpv1/Tcpv0) Theta 2.434 0.126 2.458 0.131 -0.1671 0.292 0.87741797 | BX94: LnNcpv1 vs. LnNcpv0 Zeta 4.304 0.150 4.561 0.131 0.8327 0.237 0.01603625
AL95: Ln(Ncpv0/Tcpv1) vs. Ln(Ncpv1/Tcpv1) Theta 2.810 0.129 2.458 0.131 0.9956 0.299 0.00002933 | AX95: Ln(Ncpv1/Tcpv1) vs. Ln(Ncpv0/Tcpv0) BetaUZeta 1.836 0.056 1.994 0.053 0.2255 0.200 0.81160748 | BL95: Ln(Ncpv0/Tcpv1) vs. Ln(Ncpv1/Tcpv0) BetaUZeta 2.099 0.059 1.737 0.051 0.1761 0.210 0.84050134 | BX95: LnNcpv1 vs. LnNcpv0 Qangio 5.163 0.205 5.645 0.128 0.5979 0.287 0.01467741
AL96: Ln(Ncpv0/Tcpv1) vs. Ln(Ncpv1/Tcpv1) Qangio 2.053 0.438 1.651 0.351 0.7974 0.613 0.00001273 | AX96: Ln(Ncpv1/Tcpv1) vs. Ln(Ncpv0/Tcpv0) Omega 1.329 0.032 2.120 0.039 0.3534 0.162 0.76238358 | BL96: Ln(Ncpv0/Tcpv1) vs. Ln(Ncpv1/Tcpv0) Omega 1.533 0.036 1.797 0.035 0.2830 0.180 0.76550750 | BX96: LnNcpv1 vs. LnNcpv0 Theta 4.318 0.086 4.720 0.073 0.8138 0.199 0.00390328
AL97: Ln(Ncpv0/Tcpv1) vs. Ln(Ncpv1/Tcpv1) Gamma 2.257 0.103 1.861 0.091 0.8655 0.355 0.00000785 | AX97: Ln(Ncpv1/Tcpv1) vs. Ln(Ncpv0/Tcpv0) Alpha 1.245 0.034 2.247 0.045 0.4428 0.158 0.73124339 | BL97: Ln(Ncpv0/Tcpv1) vs. Ln(Ncpv1/Tcpv0) Alpha 1.459 0.038 1.895 0.041 0.3223 0.182 0.75209625 | BX97: LnNcpv1 vs. LnNcpv0 Eta 5.000 0.091 5.322 0.089 0.9465 0.177 0.00257899
AL98: Ln(Ncpv0/Tcpv1) vs. Ln(Ncpv1/Tcpv1) Alpha 2.247 0.045 1.895 0.041 0.8842 0.213 0.00000271 | AX98: Ln(Ncpv1/Tcpv1) vs. Ln(Ncpv0/Tcpv0) Zeta 1.945 0.457 1.187 0.256 0.2371 0.719 0.67977082 | BL98: Ln(Ncpv0/Tcpv1) vs. Ln(Ncpv1/Tcpv0) Gamma 0.920 0.080 1.861 0.091 0.4362 0.276 0.68552918 | BX98: LnNcpv1 vs. LnNcpv0 Alpha 3.471 0.034 4.034 0.029 0.8110 0.160 0.00198265
AL99: Ln(Ncpv0/Tcpv1) vs. Ln(Ncpv1/Tcpv1) Omega 2.120 0.039 1.797 0.035 0.8855 0.195 0.00000155 | AX99: Ln(Ncpv1/Tcpv1) vs. Ln(Ncpv0/Tcpv0) Gamma 0.781 0.069 2.257 0.103 0.5926 0.238 0.67346325 | BL99: Ln(Ncpv0/Tcpv1) vs. Ln(Ncpv1/Tcpv0) Zeta 2.081 0.462 1.075 0.252 0.2324 0.728 0.67649946 | BX99: LnNcpv1 vs. LnNcpv0 Omega 3.571 0.029 4.097 0.024 0.8054 0.146 0.00187370
AL100: Ln(Ncpv0/Tcpv1) vs. Ln(Ncpv1/Tcpv1) Beta 2.236 0.065 1.936 0.064 0.9669 0.205 0.00000148 | AX100: Ln(Ncpv1/Tcpv1) vs. Ln(Ncpv0/Tcpv0) Qangio 2.029 0.492 2.053 0.438 -0.4835 0.688 0.57890285 | BL100: Ln(Ncpv0/Tcpv1) vs. Ln(Ncpv1/Tcpv0) Qangio 2.317 0.494 1.651 0.351 -0.4117 0.690 0.54331054 | BX100: LnNcpv1 vs. LnNcpv0 BetaUZeta 4.538 0.034 4.880 0.031 0.8641 0.123 0.00117102
AL101: Ln(Ncpv0/Tcpv1) vs. Ln(Ncpv1/Tcpv1) BetaUZeta 1.994 0.053 1.737 0.051 0.9530 0.190 0.00000020 | AX101: Ln(Ncpv1/Tcpv1) vs. Ln(Ncpv0/Tcpv0) Eta 1.415 0.058 1.459 0.053 0.8304 0.114 0.05708145 | BL101: Ln(Ncpv0/Tcpv1) vs. Ln(Ncpv1/Tcpv0) Eta 1.659 0.062 1.229 0.050 0.7266 0.120 0.07126498 | BX101: LnNcpv1 vs. LnNcpv0 Beta 4.608 0.046 4.976 0.041 0.8573 0.144 0.00086125

Sheet Sheet3
A1: > keto | B1: growth | C1: zeta | M1: > keto | N1: growth | O1: beta | Z1: - | AA1: - | AB1: GrowthCac vs. GrowthNcpv -- Eta
A2: Id | B2: Set | C2: Cac0 | D2: Cac1 | E2: DCac | F2: Cac-dbl-yrs | G2: Ncpv0 | H2: Ncpv1 | I2: DNcpv | J2: Ncpv-dbl-yrs | K2: QAngio-dbl-yrs | M2: Id | N2: Set | O2: Cac0 | P2: Cac1 | Q2: DCac | R2: Cac-dbl-yrs | S2: Ncpv0 | T2: Ncpv1 | U2: DNcpv | V2: Ncpv-dbl-yrs | Z2: - | AA2: - | AB2: Slope: 0.0059 N=17 R^2: 0.0000 p-value: 0.998225 y-int 4.4761
A3: 55 | B3: Zeta | C3: 0 | D3: 0 | E3: 0 | F3: Inf | G3: 68.2 | H3: 71.4 | I3: 3.2 | J3: 15.11662 | K3: NaN | M3: 72 | N3: Theta | O3: 12 | P3: 17 | Q3: 5 | R3: 1.99005 | S3: 290.2 | T3: 301 | U3: 10.8 | V3: 18.96958 | Z3: Id | AA3: GrowthNcpv | AB3: GrowthCac
A4: 54 | B4: Zeta | C4: 2 | D4: 0 | E4: -2 | F4: 0 | G4: 64.9 | H4: 68.5 | I4: 3.6 | J4: 12.83936 | K4: NaN | M4: 83 | N4: Eta | O4: 217 | P4: 245 | Q4: 28 | R4: 5.71146 | S4: 169 | T4: 182.2 | U4: 13.2 | V4: 9.21661 | Z4: 84 | AA4: 2.6644995 | AB4: 0.95985855
A5: 2 | B5: Zeta | C5: 0 | D5: 0 | E5: 0 | F5: Inf | G5: 193.3 | H5: 212.2 | I5: 18.9 | J5: 7.43036 | K5: Inf | M5: 75 | N5: Theta | O5: 21 | P5: 31 | Q5: 10 | R5: 1.77974 | S5: 106.8 | T5: 116.5 | U5: 9.7 | V5: 7.97332 | Z5: 79 | AA5: 2.1934164 | AB5: 1.0432097
A6: 77 | B6: Zeta | C6: 360 | D6: 353 | E6: -7 | F6: -35.29986 | G6: 174.6 | H6: 210 | I6: 35.4 | J6: 3.75466 | K6: NaN | M6: 67 | N6: Theta | O6: 4 | P6: 8 | Q6: 4 | R6: 1 | S6: 139.4 | T6: 153.6 | U6: 14.2 | V6: 7.14553 | Z6: 76 | AA6: 0.93356645 | AB6: 1.6509249
A7: 63 | B7: Zeta | C7: 68 | D7: 62 | E7: -6 | F7: -7.50376 | G7: 77.3 | H7: 96.1 | I7: 18.8 | J7: 3.18402 | K7: NaN | M7: 62 | N7: Eta | O7: 27 | P7: 41 | Q7: 14 | R7: 1.6593 | S7: 45.3 | T7: 51.6 | U7: 6.3 | V7: 5.32311 | Z7: 62 | AA7: 5.3231125 | AB7: 1.659298
A8: 95 | B8: Zeta | C8: 175 | D8: 193 | E8: 18 | F8: 7.07985 | G8: 73.4 | H8: 92.7 | I8: 19.3 | J8: 2.96922 | K8: NaN | M8: 80 | N8: Eta | O8: 66 | P8: 97 | Q8: 31 | R8: 1.80012 | S8: 78 | T8: 89.6 | U8: 11.6 | V8: 4.99938 | Z8: 80 | AA8: 4.9993849 | AB8: 1.8001193
A9: 66 | B9: Zeta | C9: 58 | D9: 39 | E9: -19 | F9: -1.74648 | G9: 91.1 | H9: 119.7 | I9: 28.6 | J9: 2.53871 | K9: NaN | M9: 91 | N9: Theta | O9: 119 | P9: 124 | Q9: 5 | R9: 16.8411 | S9: 183.5 | T9: 213.8 | U9: 30.3 | V9: 4.53552 | Z9: 99 | AA9: 1.8904726 | AB9: 2.0510717
A10: 94 | B10: Zeta | C10: 291 | D10: 351 | E10: 60 | F10: 3.69752 | G10: 174.9 | H10: 245 | I10: 70.1 | J10: 2.05655 | K10: NaN | M10: 86 | N10: Eta | O10: 211 | P10: 254 | Q10: 43 | R10: 3.73712 | S10: 365.6 | T10: 428.5 | U10: 62.9 | V10: 4.36626 | Z10: 96 | AA10: 1.6475078 | AB10: 2.1458241
A11: 65 | B11: Zeta | C11: 1 | D11: 0 | E11: -1 | F11: 0 | G11: 113.6 | H11: 162 | I11: 48.4 | J11: 1.95301 | K11: NaN | M11: 73 | N11: Theta | O11: 39 | P11: 49 | Q11: 10 | R11: 3.03667 | S11: 83.3 | T11: 97.7 | U11: 14.4 | V11: 4.34703 | Z11: 98 | AA11: 2.18439 | AB11: 3.5578537
A12: 56 | B12: Zeta | C12: 0 | D12: 0 | E12: 0 | F12: Inf | G12: 15.5 | H12: 31 | I12: 15.5 | J12: 1 | K12: NaN | M12: 61 | N12: Theta | O12: 9 | P12: 13 | Q12: 4 | R12: 1.88496 | S12: 12.8 | T12: 15.2 | U12: 2.4 | V12: 4.03344 | Z12: 86 | AA12: 4.3662567 | AB12: 3.7371233
A13: 51 | B13: Zeta | C13: 6 | D13: 0 | E13: -6 | F13: 0 | G13: 19.6 | H13: 42 | I13: 22.4 | J13: 0.90947 | K13: NaN | M13: 70 | N13: Theta | O13: 10 | P13: 18 | Q13: 8 | R13: 1.17925 | S13: 52.1 | T13: 62.5 | U13: 10.4 | V13: 3.80847 | Z13: 78 | AA13: 0.96976666 | AB13: 3.8452245
A14: 89 | B14: Zeta | C14: 135 | D14: 135 | E14: 0 | F14: Inf | G14: 46.2 | H14: 41.7 | I14: -4.5 | J14: -6.76382 | K14: NaN | M14: 68 | N14: Theta | O14: 0 | P14: 3 | Q14: 3 | R14: 0 | S14: 171.5 | T14: 211.9 | U14: 40.4 | V14: 3.27681 | Z14: 100 | AA14: 2.3328494 | AB14: 4.7148141
M15: 92 | N15: Theta | O15: 295 | P15: 300 | Q15: 5 | R15: 41.24129 | S15: 252.3 | T15: 319.7 | U15: 67.4 | V15: 2.92758 | Z15: 93 | AA15: 2.6192418 | AB15: 4.7877717
A16: > keto | B16: growth | C16: qangio | M16: 88 | N16: Eta | O16: 88 | P16: 100 | Q16: 12 | R16: 5.42227 | S16: 238.5 | T16: 307.3 | U16: 68.8 | V16: 2.73479 | Z16: 82 | AA16: 1.770968 | AB16: 5.2423129
A17: Id | B17: Set | C17: Cac0 | D17: Cac1 | E17: DCac | F17: Cac-dbl-yrs | G17: Ncpv0 | H17: Ncpv1 | I17: DNcpv | J17: Ncpv-dbl-yrs | K17: QAngio-dbl-yrs | M17: 84 | N17: Eta | O17: 17 | P17: 35 | Q17: 18 | R17: 0.95986 | S17: 58.9 | T17: 76.4 | U17: 17.5 | V17: 2.6645 | Z17: 85 | AA17: 1.8269386 | AB17: 5.3028537
A18: 2 | B18: Zeta | C18: 0 | D18: 0 | E18: 0 | F18: Inf | G18: 193.3 | H18: 212.2 | I18: 18.9 | J18: 7.43036 | K18: Inf | M18: 93 | N18: Eta | O18: 199 | P18: 230 | Q18: 31 | R18: 4.78777 | S18: 290.8 | T18: 378.9 | U18: 88.1 | V18: 2.61924 | Z18: 88 | AA18: 2.7347922 | AB18: 5.422271
A19: 86 | B19: Eta | C19: 211 | D19: 254 | E19: 43 | F19: 3.73712 | G19: 365.6 | H19: 428.5 | I19: 62.9 | J19: 4.36626 | K19: 1.35692 | M19: 90 | N19: Eta | O19: 388 | P19: 400 | Q19: 12 | R19: 22.75657 | S19: 147.2 | T19: 194.8 | U19: 47.6 | V19: 2.47392 | Z19: 83 | AA19: 9.2166143 | AB19: 5.7114559
A20: 93 | B20: Eta | C20: 199 | D20: 230 | E20: 31 | F20: 4.78777 | G20: 290.8 | H20: 378.9 | I20: 88.1 | J20: 2.61924 | K20: 2.91289 | M20: 71 | N20: Theta | O20: 3 | P20: 5 | Q20: 2 | R20: 1.35692 | S20: 164.2 | T20: 220 | U20: 55.8 | V20: 2.36939 | Z20: 90 | AA20: 2.4739248 | AB20: 22.756573
A21: 100 | B21: Eta | C21: 221 | D21: 256 | E21: 35 | F21: 4.71481 | G21: 450.6 | H21: 606.5 | I21: 155.9 | J21: 2.33285 | K21: 25.76042 | M21: 100 | N21: Eta | O21: 221 | P21: 256 | Q21: 35 | R21: 4.71481 | S21: 450.6 | T21: 606.5 | U21: 155.9 | V21: 2.33285 | Z21: Regression Set Mean X moe X Mean Y moe Y Slope xSD p-value
A22: 85 | B22: Eta | C22: 222 | D22: 253 | E22: 31 | F22: 5.30285 | G22: 244.9 | H22: 357.9 | I22: 113 | J22: 1.82694 | K22: 0.92898 | M22: 74 | N22: Theta | O22: 2 | P22: 7 | Q22: 5 | R22: 0.55329 | S22: 141.1 | T22: 191 | U22: 49.9 | V22: 2.28909 | Z22: GrowthCac vs. GrowthNcpv Gamma 1.585 0.094 0.000 0.000 0.0000 0.324 1.00000000
A23: 82 | B23: Eta | C23: 191 | D23: 218 | E23: 27 | F23: 5.24231 | G23: 233.8 | H23: 345.8 | I23: 112 | J23: 1.77097 | K23: 1.99894 | M23: 79 | N23: Eta | O23: 53 | P23: 103 | Q23: 50 | R23: 1.04321 | S23: 130.5 | T23: 179 | U23: 48.5 | V23: 2.19342 | Z23: GrowthCac vs. GrowthNcpv Zeta 3.916 1.095 -2.814 2.062 0.0000 1.724 0.99999573
A24: 96 | B24: Eta | C24: 556 | D24: 768 | E24: 212 | F24: 2.14582 | G24: 255.8 | H24: 389.6 | I24: 133.8 | J24: 1.64751 | K24: 0.90454 | M24: 98 | N24: Eta | O24: 265 | P24: 322 | Q24: 57 | R24: 3.55785 | S24: 200.3 | T24: 275.1 | U24: 74.8 | V24: 2.18439 | Z24: GrowthCac vs. GrowthNcpv Eta 2.950 0.262 4.493 0.641 0.0059 0.510 0.99822451
A25: 87 | B25: Theta | C25: 101 | D25: 103 | E25: 2 | F25: 35.34937 | G25: 100.5 | H25: 180.3 | I25: 79.8 | J25: 1.18595 | K25: 1.29126 | M25: 57 | N25: Theta | O25: 4 | P25: 6 | Q25: 2 | R25: 1.70951 | S25: 94.7 | T25: 130.8 | U25: 36.1 | V25: 2.14626 | Z25: GrowthCac vs. GrowthNcpv Omega 2.502 0.066 2.226 0.181 -0.0181 0.332 0.99481490
A26: 53 | B26: Theta | C26: 0 | D26: 1 | E26: 1 | F26: 0 | G26: 67.1 | H26: 166.7 | I26: 99.6 | J26: 0.76169 | K26: 0.38103 | M26: 49 | N26: Theta | O26: 0 | P26: 2 | Q26: 2 | R26: 0 | S26: 39.7 | T26: 57 | U26: 17.3 | V26: 1.91636 | Z26: GrowthCac vs. GrowthNcpv Alpha 2.309 0.064 2.913 0.197 0.1116 0.303 0.97132454
A27: 48 | B27: Gamma | C27: 0 | D27: 0 | E27: 0 | F27: Inf | G27: 26.6 | H27: 104 | I27: 77.4 | J27: 0.50837 | K27: 1.77336 | M27: 99 | N27: Eta | O27: 194 | P27: 272 | Q27: 78 | R27: 2.05107 | S27: 71.8 | T27: 103.6 | U27: 31.8 | V27: 1.89047 | Z27: GrowthCac vs. GrowthNcpv BetaUZeta 3.349 0.152 4.281 0.479 -0.2692 0.545 0.93339092
M28: 85 | N28: Eta | O28: 222 | P28: 253 | Q28: 31 | R28: 5.30285 | S28: 244.9 | T28: 357.9 | U28: 113 | V28: 1.82694 | Z28: GrowthCac vs. GrowthNcpv Beta 3.178 0.166 6.409 0.615 -0.3562 0.518 0.92570227
M29: 82 | N29: Eta | O29: 191 | P29: 218 | Q29: 27 | R29: 5.24231 | S29: 233.8 | T29: 345.8 | U29: 112 | V29: 1.77097 | Z29: GrowthCac vs. GrowthNcpv Theta 3.347 0.362 7.825 1.406 -0.4669 0.837 0.90896060
M30: 81 | N30: Theta | O30: 80 | P30: 81 | Q30: 1 | R30: 55.79763 | S30: 163.9 | T30: 248.2 | U30: 84.3 | V30: 1.67032 | Z30: GrowthCac vs. GrowthNcpv Qangio 2.445 0.491 6.128 2.505 -1.1913 0.687 0.83515486
M31: 96 | N31: Eta | O31: 556 | P31: 768 | Q31: 212 | R31: 2.14582 | S31: 255.8 | T31: 389.6 | U31: 133.8 | V31: 1.64751
M32: 59 | N32: Theta | O32: 37 | P32: 37 | Q32: 0 | R32: Inf | S32: 42.4 | T32: 64.7 | U32: 22.3 | V32: 1.64015 | Z32: - | AA32: - | AB32: GrowthCac vs. GrowthNcpv -- Theta
M33: 97 | N33: Theta | O33: 47 | P33: 54 | Q33: 7 | R33: 4.99254 | S33: 105.7 | T33: 166.7 | U33: 61 | V33: 1.52142 | Z33: - | AA33: - | AB33: Slope: -0.4669 N=23 R^2: 0.0145 p-value: 0.908961 y-int 9.3879
M34: 87 | N34: Theta | O34: 101 | P34: 103 | Q34: 2 | R34: 35.34937 | S34: 100.5 | T34: 180.3 | U34: 79.8 | V34: 1.18595 | Z34: Id | AA34: GrowthNcpv | AB34: GrowthCac
M35: 69 | N35: Theta | O35: 21 | P35: 21 | Q35: 0 | R35: Inf | S35: 53.7 | T35: 99.3 | U35: 45.6 | V35: 1.12756 | Z35: 81 | AA35: 1.6703212 | AB35: 55.79763
M36: 64 | N36: Theta | O36: 63 | P36: 67 | Q36: 4 | R36: 11.26009 | S36: 53.3 | T36: 104.7 | U36: 51.4 | V36: 1.02664 | Z36: 92 | AA36: 2.9275844 | AB36: 41.241286
M37: 78 | N37: Eta | O37: 81 | P37: 97 | Q37: 16 | R37: 3.84522 | S37: 82.4 | T37: 168.4 | U37: 86 | V37: 0.96977 | Z37: 87 | AA37: 1.1859528 | AB37: 35.349374
M38: 76 | N38: Eta | O38: 69 | P38: 105 | Q38: 36 | R38: 1.65092 | S38: 53.4 | T38: 112.2 | U38: 58.8 | V38: 0.93357 | Z38: 91 | AA38: 4.535522 | AB38: 16.841099
M39: 52 | N39: Theta | O39: 0 | P39: 1 | Q39: 1 | R39: 0 | S39: 20.8 | T39: 45.7 | U39: 24.9 | V39: 0.88058 | Z39: 64 | AA39: 1.0266371 | AB39: 11.260086
M40: 50 | N40: Theta | O40: 0 | P40: 1 | Q40: 1 | R40: 0 | S40: 26.3 | T40: 60.7 | U40: 34.4 | V40: 0.82875 | Z40: 97 | AA40: 1.5214246 | AB40: 4.9925449
M41: 53 | N41: Theta | O41: 0 | P41: 1 | Q41: 1 | R41: 0 | S41: 67.1 | T41: 166.7 | U41: 99.6 | V41: 0.76169 | Z41: 73 | AA41: 4.347031 | AB41: 3.0366743
M42: 17 | N42: Theta | O42: 0 | P42: 1 | Q42: 1 | R42: 0 | S42: 6.3 | T42: 19.8 | U42: 13.5 | V42: 0.6053 | Z42: 72 | AA42: 18.969584 | AB42: 1.9900484
Z43: 61 | AA43: 4.033437 | AB43: 1.8849618
Z44: 75 | AA44: 7.9733176 | AB44: 1.779743
Z45: 57 | AA45: 2.1462626 | AB45: 1.7095113
Z46: 71 | AA46: 2.3693909 | AB46: 1.3569154
Z47: 70 | AA47: 3.8084673 | AB47: 1.1792496
Z48: 67 | AA48: 7.1455288 | AB48: 1
Z49: 74 | AA49: 2.2890909 | AB49: 0.55329476
Z50: 17 | AA50: 0.60529877 | AB50: 0
Z51: 53 | AA51: 0.76169037 | AB51: 0
Z52: 50 | AA52: 0.82875191 | AB52: 0
Z53: 52 | AA53: 0.88058351 | AB53: 0
Z54: 69 | AA54: 1.1275589 | AB54: 0
... Z57: 68 | AA57: 3.2768083 | AB57: 0

Sheet Sheet2
A1: > keto | B1: betau | C1: zeta gr | D1: owth | X1: > keto | Y1: OMEGA | Z1: growth | AO1: - | AP1: - | AQ1: GeoMeanNcpv vs. OrdAsc -- BetaUZeta | BA1: - | BB1: - | BC1: Ln(Ncpv1/Ncpv0) vs. OrdAsc -- Gamma | BM1: - | BN1: - | BO1: Ln(Ncpv1/Ncpv0) vs. OrdAsc -- Omega | BY1: - | BZ1: - | CA1: TdNcpv vs. RankA -- Omega | CK1: - | CL1: - | CM1: GrowthNcpv vs. RankAsc -- BetaUZeta | CW1: - | CX1: - | CY1: Ncpv1/Ncpv0 vs. TdNcpv -- Gamma | DI1: - | DJ1: - | DK1: Cac1/Cac0 vs. TdCac -- Eta | DU1: - | DV1: - | DW1: cac1/cac0 vs TdCac -- Theta | EG1: - | EH1: - | EI1: Ncpv1/Ncpv0 vs. TdNcpv -- Gamma | ES1: - | ET1: - | EU1: Ncpv1/Ncpv0 vs. TdNcpv -- Gamma | FE1: - | FF1: - | FG1: Ncpv1/Ncpv0 vs. TdNcpv -- Zeta | FN1: - | FO1: - | FP1: Cac1/Cac0 vs. TdCac -- Zeta | FY1: - | FZ1: - | GA1: Cac0/Cac1 vs. TdCac -- Zeta | GK1: Regression | GL1: Set | GM1: Mean X | GN1: moe X | GO1: Mean Y | GP1: moe Y | GQ1: Slope | GR1: xSD | GS1: p-value
A2: Id | B2: Set | C2: Cac0 | D2: Cac1 | E2: DCac | F2: Cac-dbl-yrs | G2: Ncpv0 | H2: Ncpv1 | I2: DNcpv | J2: Ncpv-dbl-yrs | K2: QAngio-dbl-yrs | X2: Id | Y2: Set | Z2: Cac0 | AA2: Cac1 | AB2: DCac | AC2: Cac-dbl-yrs | AD2: Ncpv0 | AE2: Ncpv1 | AF2: DNcpv | AG2: Ncpv-dbl-yrs | AH2: QAngio-dbl-yrs | AI2: regressors | AO2: - | AP2: - | AQ2: Slope: 6.5901 N=52 R^2: 0.8638 p-value: 0.016996 y-int -27.9410 | AR2: 4674 | BA2: - | BB2: - | BC2: Slope: 0.0281 N=48 R^2: 0.8579 p-value: 0.020256 y-int 0.3440 | BM2: - | BN2: - | BO2: Slope: 0.0099 N=100 R^2: 0.7957 p-value: 0.053582 y-int 0.4588 | BY2: - | BZ2: - | CA2: Slope: 0.0880 N=97 R^2: 0.5545 p-value: 0.272377 y-int -1.9983 | CK2: - | CL2: - | CM2: Slope: 0.2001 N=52 R^2: 0.6070 p-value: 0.228662 y-int -1.9529 | CW2: - | CX2: - | CY2: Slope: -0.1451 N=48 R^2: 0.0760 p-value: 0.780156 y-int 2.2680 | DI2: - | DJ2: - | DK2: Slope: -0.0312 N=17 R^2: 0.2870 p-value: 0.560066 y-int 1.4815 | DU2: - | DV2: - | DW2: Slope: NaN N=23 R^2: NaN p-value: NaN y-int NaN | EG2: - | EH2: - | EI2: Slope: -0.1963 N=45 R^2: 0.1693 p-value: 0.661164 y-int 2.5058 | ES2: - | ET2: - | EU2: Slope: -0.1963 N=45 R^2: 0.1693 p-value: 0.661164 y-int 2.5058 | FE2: - | FF2: - | FG2: Slope: -0.0178 N=12 R^2: 0.0743 p-value: 0.801219 y-int 1.4112 | FN2: - | FO2: - | FP2: Slope: -0.0109 N=12 R^2: 0.0494 p-value: 0.839386 y-int 0.4589 | FY2: - | FZ2: - | GA2: Slope: -0.0153 N=12 R^2: 0.0826 p-value: 0.789786 y-int 0.4852 | GK2: Cac1/Cac0 vs. TdCac | GL2: Eta-17 | GM2: 4.493 | GN2: 0.641 | GO2: 1.341 | GP2: 0.037 | GQ2: -0.0312 | GR2: 1.247 | GS2: 0.56006633
A3: 77 | B3: Zeta | C3: 360 | D3: 353 | E3: -7 | F3: -35.29986 | G3: 174.6 | H3: 210 | I3: 35.4 | J3: 3.75466 | K3: NaN | X3: 89 | Y3: Zeta | Z3: 135 | AA3: 135 | AB3: 0 | AC3: 0 | AD3: 46.2 | AE3: 41.7 | AF3: -4.5 | AG3: -6.76382 | AH3: NaN | AI3: =IF(Table15[[#This Row],[Set]]="Zeta", -2, -20) -> -2 | AO3: Id | AP3: OrdAsc | AQ3: GeoMeanNcpv | BA3: Id | BB3: OrdAsc | BC3: Ln(Ncpv1/Ncpv0) | BD3: ln^2 | BM3: Id | BN3: OrdAsc | BO3: Ln(Ncpv1/Ncpv0) | BY3: Id | BZ3: RankA | CA3: TdNcpv | CK3: Id | CL3: RankAsc | CM3: GrowthNcpv | CW3: Id | CX3: TdNcpv | CY3: Ncpv1/Ncpv0 | DI3: Id | DJ3: TdCac | DK3: Cac1/Cac0 | DT3: Column1 | DU3: Id | DV3: TdCac | DW3: cac1/cac0 | EG3: Id | EH3: TdNcpv | EI3: Ncpv1/Ncpv0 | ES3: Id | ET3: TdNcpv | EU3: Ncpv1/Ncpv0 | FE3: Id | FF3: TdNcpv | FG3: Ncpv1/Ncpv0 | FN3: Id | FO3: TdCac | FP3: Cac1/Cac0 | FY3: Id | FZ3: TdCac | GA3: Cac0/Cac1 | GK3: Cac1/Cac0 vs. TdCac | GL3: Theta-17 | GM3: 10.587 | GN3: 2.184 | GO3: 1.433 | GP3: 0.079 | GQ3: -0.0141 | GR3: 4.249 | GS3: 0.69681804
A4: 63 | B4: Zeta | C4: 68 | D4: 62 | E4: -6 | F4: -7.50376 | G4: 77.3 | H4: 96.1 | I4: 18.8 | J4: 3.18402 | K4: NaN | X4: 16 | Y4: Gamma | Z4: 0 | AA4: 0 | AB4: 0 | AC4: 0 | AD4: 0 | AE4: 0 | AF4: 0 | AG4: 0 | AH4: NaN | AI4: =IF(Table15[[#This Row],[Set]]="Zeta", -2, -20) -> -20 | AO4: 17 | AP4: 1 | AQ4: 11.168706 | BA4: 16 | BB4: 1 | BC4: 0 | BD4: 0 | BM4: 16 | BN4: 1 | BO4: 0 | BY4: 89 | BZ4: 4 | CA4: -6.7638191 | CK4: 89 | CL4: 1 | CM4: -6.7638191 | CW4: 16 | CX4: 0 | CY4: 0 | DI4: 84 | DJ4: 0.95985855 | DK4: 2.0588235 | DU4: 17 | DV4: NaN | DW4: 0 | EG4: 16 | EH4: 0 | EI4: 0 | ES4: 16 | ET4: 0 | EU4: 0 | FE4: 89 | FF4: -6.7638191 | FG4: 0.9025974 | FN4: 77 | FO4: -35.299861 | FP4: 0.98055556 | FY4: 77 | FZ4: -35.299861 | GA4: 1.01983 | GK4: Cac1/Cac0 vs. TdCac | GL4: Beta-34 | GM4: 7.54 | GN4: 0.772 | GO4: 1.387 | GP4: 0.029 | GQ4: -0.0137 | GR4: 2.213 | GS4: 0.70649521
A5: 66 | B5: Zeta | C5: 58 | D5: 39 | E5: -19 | F5: -1.74648 | G5: 91.1 | H5: 119.7 | I5: 28.6 | J5: 2.53871 | K5: NaN | X5: 19 | Y5: Gamma | Z5: 0 | AA5: 0 | AB5: 0 | AC5: 0 | AD5: 0 | AE5: 13.6 | AF5: 13.6 | AG5: 0 | AH5: NaN | AI5: =IF(Table15[[#This Row],[Set]]="Zeta", -2, -20) -> -20 | AO5: 61 | AP5: 2 | AQ5: 13.948477 | BA5: 19 | BB5: 2 | BC5: 0 | BD5: 0 | BM5: 19 | BN5: 2 | BO5: 0 | BY5: 16 | BZ5: 5 | CA5: 0 | CK5: 17 | CL5: 2 | CM5: 0.60529877 | CW5: 19 | CX5: 0 | CY5: 0 | DI5: 79 | DJ5: 1.0432097 | DK5: 1.9433962 | DU5: 49 | DV5: NaN | DW5: 0 | EG5: 28 | EH5: 0 | EI5: 1 | ES5: 28 | ET5: 0 | EU5: 1 | FE5: 51 | FF5: 0.90947481 | FG5: 2.1428571 | FN5: 63 | FO5: -7.5037595 | FP5: 0.91176471 | FY5: 63 | FZ5: -7.5037595 | GA5: 1.0967742 | GK5: Cac1/Cac0 vs. TdCac | GL5: Zeta-9 | GM5: -3.753 | GN5: 3.387 | GO5: 0.653 | GP5: 0.139 | GQ5: -0.0067 | GR5: 4.406 | GS5: 0.88787507
A6: 89 | B6: Zeta | C6: 135 | D6: 135 | E6: 0 | F6: 0 | G6: 46.2 | H6: 41.7 | I6: -4.5 | J6: -6.76382 | K6: NaN | X6: 26 | Y6: Gamma | Z6: 0 | AA6: 0 | AB6: 0 | AC6: 0 | AD6: 0 | AE6: 9.2 | AF6: 9.2 | AG6: 0 | AH6: NaN | AI6: =IF(Table15[[#This Row],[Set]]="Zeta", -2, -20) -> -20 | AO6: 56 | AP6: 3 | AQ6: 21.92031 | BA6: 26 | BB6: 3 | BC6: 0 | BD6: 0 | BM6: 26 | BN6: 3 | BO6: 0 | BY6: 28 | BZ6: 6 | CA6: 0 | CK6: 53 | CL6: 3 | CM6: 0.76169037 | CW6: 26 | CX6: 0 | CY6: 0 | DI6: 76 | DJ6: 1.6509249 | DK6: 1.5217391 | DU6: 50 | DV6: NaN | DW6: 0 | EG6: 4 | EH6: 0.42773985 | EI6: 5.0555556 | ES6: 4 | ET6: 0.42773985 | EU6: 5.0555556 | FE6: 56 | FF6: 1 | FG6: 2 | FN6: 66 | FO6: -1.7464846 | FP6: 0.67241379 | FY6: 66 | FZ6: -1.7464846 | GA6: 1.4871795 | GK6: Cac1/Cac0 vs. TdCac | GL6: BetaUZeta-43 | GM6: 5.176 | GN6: 0.634 | GO6: 1.234 | GP6: 0.027 | GQ6: -0.003 | GR6: 2.06 | GS6: 0.94551175
A7: 17 | B7: Theta | C7: 0 | D7: 1 | E7: 1 | F7: 0 | G7: 6.3 | H7: 19.8 | I7: 13.5 | J7: 0.6053 | K7: NaN | X7: 28 | Y7: Gamma | Z7: 0 | AA7: 0 | AB7: 0 | AC7: 0 | AD7: 5.3 | AE7: 5.3 | AF7: 0 | AG7: 0 | AH7: NaN | AI7: =IF(Table15[[#This Row],[Set]]="Zeta", -2, -20) -> -20 | AO7: 51 | AP7: 4 | AQ7: 28.691462 | BA7: 32 | BB7: 4 | BC7: 0 | BD7: 0 | BM7: 32 | BN7: 4 | BO7: 0 | BY7: 4 | BZ7: 7 | CA7: 0.42773985 | CK7: 50 | CL7: 4 | CM7: 0.82875191 | CW7: 32 | CX7: 0 | CY7: 0 | DI7: 62 | DJ7: 1.659298 | DK7: 1.5185185 | DU7: 52 | DV7: NaN | DW7: 0 | EG7: 37 | EH7: 0.46718466 | EI7: 4.4090909 | ES7: 37 | ET7: 0.46718466 | EU7: 4.4090909 | FE7: 65 | FF7: 1.9530068 | FG7: 1.4260563 | FN7: 2 | FO7: 0 | FP7: 0 | FY7: 2 | FZ7: 0 | GA7: 0 | GK7: Cac1/Cac0 vs. TdCac | GL7: Omega-91 | GM7: 2.446 | GN7: 0.208 | GO7: 0.583 | GP7: 0.016 | GQ7: 0.0151 | GR7: 1 | GS7: 0.84314543
A8: 53 | B8: Theta | C8: 0 | D8: 1 | E8: 1 | F8: 0 | G8: 67.1 | H8: 166.7 | I8: 99.6 | J8: 0.76169 | K8: 0.38103 | X8: 32 | Y8: Gamma | Z8: 0 | AA8: 0 | AB8: 0 | AC8: 0 | AD8: 0 | AE8: 3.9 | AF8: 3.9 | AG8: 0 | AH8: NaN | AI8: =IF(Table15[[#This Row],[Set]]="Zeta", -2, -20) -> -20 | AO8: 52 | AP8: 5 | AQ8: 30.831153 | BA8: 28 | BB8: 5 | BC8: 0.69314718 | BD8: =LN(BC8) -> -0.36651292 | BM8: 89 | BN8: 5 | BO8: 0.64322001 | BY8: 37 | BZ8: 8 | CA8: 0.46718466 | CK8: 52 | CL8: 5 | CM8: 0.88058351 | CW8: 28 | CX8: 0 | CY8: 1 | DI8: 80 | DJ8: 1.8001193 | DK8: 1.469697 | DU8: 53 | DV8: NaN | DW8: 0 | EG8: 22 | EH8: 0.5 | EI8: 4 | ES8: 22 | ET8: 0.5 | EU8: 4 | FE8: 94 | FF8: 2.0565491 | FG8: 1.4008005 | FN8: 51 | FO8: 0 | FP8: 0 | FY8: 51 | FZ8: 0 | GA8: 0 | GK8: Cac1/Cac0 vs. TdCac | GL8: Alpha-82 | GM8: 3.126 | GN8: 0.218 | GO8: 0.575 | GP8: 0.018 | GQ8: 0.0209 | GR8: 0.993 | GS8: 0.80070804
A9: 50 | B9: Theta | C9: 0 | D9: 1 | E9: 1 | F9: 0 | G9: 26.3 | H9: 60.7 | I9: 34.4 | J9: 0.82875 | K9: NaN | X9: 4 | Y9: Gamma | Z9: 0 | AA9: 0 | AB9: 0 | AC9: 0 | AD9: 1.8 | AE9: 9.1 | AF9: 7.3 | AG9: 0.42774 | AH9: NaN | AI9: =IF(Table15[[#This Row],[Set]]="Zeta", -2, -20) -> -20 | AO9: 50 | AP9: 6 | AQ9: 39.9551 | BA9: 45 | BB9: 6 | BC9: 0.71912267 | BD9: =LN(BC9) -> -0.32972333 | BM9: 28 | BN9: 6 | BO9: 0.69314718 | BY9: 22 | BZ9: 9 | CA9: 0.5 | CK9: 51 | CL9: 6 | CM9: 0.90947481 | CW9: 45 | CX9: 13.513407 | CY9: 1.0526316 | DI9: 99 | DJ9: 2.0510717 | DK9: 1.4020619 | DU9: 68 | DV9: NaN | DW9: 0 | EG9: 30 | EH9: 0.50183289 | EI9: 3.979798 | ES9: 30 | ET9: 0.50183289 | EU9: 3.979798 | FE9: 66 | FF9: 2.5387142 | FG9: 1.3139407 | FN9: 54 | FO9: 0 | FP9: 0 | FY9: 54 | FZ9: 0 | GA9: 0 | GK9: Cac1/Cac0 vs. TdCac | GL9: Gamma-48 | GM9: 0 | GN9: 0 | GO9: 0 | GP9: 0 | GQ9: NaN | GR9: 0 | GS9: 1
A10: 52 | B10: Theta | C10: 0 | D10: 1 | E10: 1 | F10: 0 | G10: 20.8 | H10: 45.7 | I10: 24.9 | J10: 0.88058 | K10: NaN | X10: 37 | Y10: Gamma | Z10: 0 | AA10: 0 | AB10: 0 | AC10: 0 | AD10: 2.2 | AE10: 9.7 | AF10: 7.5 | AG10: 0.46718 | AH10: NaN | AI10: =IF(Table15[[#This Row],[Set]]="Zeta", -2, -20) -> -20 | AO10: 89 | AP10: 7 | AQ10: 43.892368 | BA10: 27 | BB10: 7 | BC10: 0.74336694 | BD10: =LN(BC10) -> -0.2965655 | BM10: 72 | BN10: 7 | BO10: 0.71158403 | BY10: 30 | BZ10: 10 | CA10: 0.50183289 | CK10: 76 | CL10: 7 | CM10: 0.93356645 | CW10: 27 | CX10: 7.0702155 | CY10: 1.1030043 | DI10: 96 | DJ10: 2.1458241 | DK10: 1.381295 | DU10: 81 | DV10: 55.79763 | DW10: 1.0125 | EG10: 48 | EH10: 0.50836634 | EI10: 3.9097744 | ES10: 48 | ET10: 0.50836634 | EU10: 3.9097744 | FE10: 95 | FF10: 2.9692157 | FG10: 1.2629428 | FN10: 55 | FO10: 0 | FP10: 0 | FY10: 55 | FZ10: 0 | GA10: 0
A11: 51 | B11: Zeta | C11: 6 | D11: 0 | E11: -6 | F11: 0 | G11: 19.6 | H11: 42 | I11: 22.4 | J11: 0.90947 | K11: NaN | X11: 22 | Y11: Gamma | Z11: 0 | AA11: 0 | AB11: 0 | AC11: 0 | AD11: 1.7 | AE11: 6.8 | AF11: 5.1 | AG11: 0.5 | AH11: NaN | AI11: =IF(Table15[[#This Row],[Set]]="Zeta", -2, -20) -> -20 | AO11: 49 | AP11: 8 | AQ11: 47.569948 | BA11: 6 | BB11: 8 | BC11: 0.75828648 | BD11: =LN(BC11) -> -0.27669402 | BM11: 55 | BN11: 8 | BO11: 0.71633663 | BY11: 48 | BZ11: 11 | CA11: 0.50836634 | CK11: 78 | CL11: 8 | CM11: 0.96976666 | CW11: 6 | CX11: 5.4883739 | CY11: 1.1346154 | DI11: 98 | DJ11: 3.5578537 | DK11: 1.2150943 | DU11: 92 | DV11: 41.241286 | DW11: 1.0169492 | EG11: 3 | EH11: 0.54477709 | EI11: 3.5692308 | ES11: 3 | ET11: 0.54477709 | EU11: 3.5692308 | FE11: 63 | FF11: 3.1840237 | FG11: 1.2432083 | FN11: 56 | FO11: 0 | FP11: 0 | FY11: 56 | FZ11: 0 | GA11: 0 | GK11: Regression | GL11: Set | GM11: Mean X | GN11: moe X | GO11: Mean Y | GP11: moe Y | GQ11: Slope | GR11: xSD | GS11: p-value
A12: 56 | B12: Zeta | C12: 0 | D12: 0 | E12: 0 | F12: 0 | G12: 15.5 | H12: 31 | I12: 15.5 | J12: 1 | K12: NaN | X12: 30 | Y12: Gamma | Z12: 0 | AA12: 0 | AB12: 0 | AC12: 0 | AD12: 9.9 | AE12: 39.4 | AF12: 29.5 | AG12: 0.50183 | AH12: NaN | AI12: =IF(Table15[[#This Row],[Set]]="Zeta", -2, -20) -> -20 | AO12: 62 | AP12: 9 | AQ12: 48.347492 | BA12: 44 | BB12: 9 | BC12: 0.76952016 | BD12: =LN(BC12) -> -0.26198813 | BM12: 45 | BN12: 9 | BO12: 0.71912267 | BY12: 3 | BZ12: 12 | CA12: 0.54477709 | CK12: 56 | CL12: 9 | CM12: 1 | CW12: 44 | CX12: 4.7048941 | CY12: 1.1587302 | DI12: 86 | DJ12: 3.7371233 | DK12: 1.2037915 | DU12: 87 | DV12: 35.349374 | DW12: 1.019802 | EG12: 25 | EH12: 0.54839524 | EI12: 3.5393939 | ES12: 25 | ET12: 0.54839524 | EU12: 3.5393939 | FE12: 77 | FF12: 3.754659 | FG12: 1.2027491 | FN12: 65 | FO12: 0 | FP12: 0 | FY12: 65 | FZ12: 0 | GA12: 0 | GK12: Ncpv1/Ncpv0 vs. TdNcpv | GL12: Zeta-12 | GM12: 3.916 | GN12: 1.095 | GO12: 1.341 | GP12: 0.072 | GQ12: -0.0178 | GR12: 1.724 | GS12: 0.80121905
A13: 69 | B13: Theta | C13: 21 | D13: 21 | E13: 0 | F13: 0 | G13: 53.7 | H13: 99.3 | I13: 45.6 | J13: 1.12756 | K13: NaN | X13: 48 | Y13: Gamma | Z13: 0 | AA13: 0 | AB13: 0 | AC13: 0 | AD13: 26.6 | AE13: 104 | AF13: 77.4 | AG13: 0.50837 | AH13: 1.77336 | AI13: =IF(Table15[[#This Row],[Set]]="Zeta", -2, -20) -> -20 | AO13: 59 | AP13: 10 | AQ13: 52.376331 | BA13: 8 | BB13: 10 | BC13: 0.81431203 | BD13: =LN(BC13) -> -0.20541166 | BM13: 54 | BN13: 10 | BO13: 0.72050451 | BY13: 25 | BZ13: 13 | CA13: 0.54839524 | CK13: 64 | CL13: 10 | CM13: 1.0266371 | CW13: 8 | CX13: 3.0239042 | CY13: 1.257622 | DI13: 78 | DJ13: 3.8452245 | DK13: 1.1975309 | DU13: 91 | DV13: 16.841099 | DW13: 1.0420168 | EG13: 9 | EH13: 0.56006862 | EI13: 3.4473684 | ES13: 9 | ET13: 0.56006862 | EU13: 3.4473684 | FE13: 2 | FF13: 7.4303579 | FG13: 1.0977755 | FN13: 89 | FO13: 0 | FP13: 1 | FY13: 89 | FZ13: 0 | GA13: 1 | GK13: Ncpv1/Ncpv0 vs. TdNcpv | GL13: BetaUZeta-52 | GM13: 3.349 | GN13: 0.152 | GO13: 1.468 | GP13: 0.017 | GQ13: -0.0489 | GR13: 0.545 | GS13: 0.63405439
A14: 59 | B14: Theta | C14: 37 | D14: 37 | E14: 0 | F14: 0 | G14: 42.4 | H14: 64.7 | I14: 22.3 | J14: 1.64015 | K14: NaN | X14: 3 | Y14: Gamma | Z14: 0 | AA14: 0 | AB14: 0 | AC14: 0 | AD14: 6.5 | AE14: 23.2 | AF14: 16.7 | AG14: 0.54478 | AH14: NaN | AI14: =IF(Table15[[#This Row],[Set]]="Zeta", -2, -20) -> -20 | AO14: 70 | AP14: 11 | AQ14: 57.063561 | BA14: 36 | BB14: 11 | BC14: 0.8157495 | BD14: =LN(BC14) -> -0.20364795 | BM14: 83 | BN14: 11 | BO14: 0.73145715 | BY14: 9 | BZ14: 14 | CA14: 0.56006862 | CK14: 69 | CL14: 11 | CM14: 1.1275589 | CW14: 36 | CX14: 2.9902604 | CY14: 1.2608696 | DI14: 100 | DJ14: 4.7148141 | DK14: 1.158371 | DU14: 64 | DV14: 11.260086 | DW14: 1.0634921 | EG14: 12 | EH14: 0.5652929 | EI14: 3.4081633 | ES14: 12 | ET14: 0.5652929 | EU14: 3.4081633 | FE14: 54 | FF14: 12.839359 | FG14: 1.05547 | FN14: 94 | FO14: 3.6975155 | FP14: 1.2061856 | FY14: 94 | FZ14: 3.6975155 | GA14: 0.82905983 | GK14: Ncpv1/Ncpv0 vs. TdNcpv | GL14: Theta-23 | GM14: 3.347 | GN14: 0.362 | GO14: 1.579 | GP14: 0.049 | GQ14: -0.0723 | GR14: 0.837 | GS14: 0.55267777
A15: 49 | B15: Theta | C15: 0 | D15: 2 | E15: 2 | F15: 0 | G15: 39.7 | H15: 57 | I15: 17.3 | J15: 1.91636 | K15: NaN | X15: 25 | Y15: Gamma | Z15: 0 | AA15: 0 | AB15: 0 | AC15: 0 | AD15: 16.5 | AE15: 58.4 | AF15: 41.9 | AG15: 0.5484 | AH15: NaN | AI15: =IF(Table15[[#This Row],[Set]]="Zeta", -2, -20) -> -20 | AO15: 54 | AP15: 12 | AQ15: 66.675708 | BA15: 20 | BB15: 12 | BC15: 0.87565107 | BD15: =LN(BC15) -> -0.13278759 | BM15: 75 | BN15: 12 | BO15: 0.73755823 | BY15: 12 | BZ15: 15 | CA15: 0.5652929 | CK15: 87 | CL15: 12 | CM15: 1.1859528 | CW15: 20 | CX15: 2.0581309 | CY15: 1.4004376 | DI15: 93 | DJ15: 4.7877717 | DK15: 1.1557789 | DU15: 97 | DV15: 4.9925449 | DW15: 1.1489362 | EG15: 42 | EH15: 0.58268028 | EI15: 3.2857143 | ES15: 42 | ET15: 0.58268028 | EU15: 3.2857143 | FE15: 55 | FF15: 15.116624 | FG15: 1.0469208 | FN15: 95 | FO15: 7.0798502 | FP15: 1.1028571 | FY15: 95 | FZ15: 7.0798502 | GA15: 0.90673575 | GK15: Ncpv1/Ncpv0 vs. TdNcpv | GL15: Beta-40 | GM15: 3.178 | GN15: 0.166 | GO15: 1.505 | GP15: 0.023 | GQ15: -0.0741 | GR15: 0.518 | GS15: 0.53942816
A16: 65 | B16: Zeta | C16: 1 | D16: 0 | E16: -1 | F16: 0 | G16: 113.6 | H16: 162 | I16: 48.4 | J16: 1.95301 | K16: NaN | X16: 9 | Y16: Gamma | Z16: 0 | AA16: 0 | AB16: 0 | AC16: 0 | AD16: 3.8 | AE16: 13.1 | AF16: 9.3 | AG16: 0.56007 | AH16: NaN | AI16: =IF(Table15[[#This Row],[Set]]="Zeta", -2, -20) -> -20 | AO16: 84 | AP16: 13 | AQ16: 67.081741 | BA16: 13 | BB16: 13 | BC16: 0.88114802 | BD16: =LN(BC16) -> -0.12652965 | BM16: 2 | BN16: 13 | BO16: 0.74087749 | BY16: 42 | BZ16: 16 | CA16: 0.58268028 | CK16: 97 | CL16: 13 | CM16: 1.5214246 | CW16: 13 | CX16: 2.0022248 | CY16: 1.4136691 | DI16: 82 | DJ16: 5.2423129 | DK16: 1.1413613 | DU16: 73 | DV16: 3.0366743 | DW16: 1.2564103 | EG16: 23 | EH16: 0.59516116 | EI16: 3.2047619 | ES16: 23 | ET16: 0.59516116 | EU16: 3.2047619 | GK16: Ncpv1/Ncpv0 vs. TdNcpv | GL16: Eta-17 | GM16: 2.95 | GN16: 0.262 | GO16: 1.405 | GP16: 0.036 | GQ16: -0.0951 | GR16: 0.51 | GS16: 0.38339717
A17: 68 | B17: Theta | C17: 0 | D17: 3 | E17: 3 | F17: 0 | G17: 171.5 | H17: 211.9 | I17: 40.4 | J17: 3.27681 | K17: NaN | X17: 12 | Y17: Gamma | Z17: 0 | AA17: 0 | AB17: 0 | AC17: 0 | AD17: 4.9 | AE17: 16.7 | AF17: 11.8 | AG17: 0.56529 | AH17: NaN | AI17: =IF(Table15[[#This Row],[Set]]="Zeta", -2, -20) -> -20 | AO17: 55 | AP17: 14 | AQ17: 69.781659 | BA17: 41 | BB17: 14 | BC17: 0.89962368 | BD17: =LN(BC17) -> -0.10577874 | BM17: 67 | BN17: 14 | BO17: 0.74282511 | BY17: 23 | BZ17: 17 | CA17: 0.59516116 | CK17: 59 | CL17: 14 | CM17: 1.640147 | CW17: 41 | CX17: 1.836004 | CY17: 1.4586777 | DI17: 85 | DJ17: 5.3028537 | DK17: 1.1396396 | DU17: 72 | DV17: 1.9900484 | DW17: 1.4166667 | EG17: 31 | EH17: 0.69086587 | EI17: 2.7272727 | ES17: 31 | ET17: 0.69086587 | EU17: 2.7272727 | FE17: Regression Set Mean X moe X Mean Y moe Y Slope xSD p-value | GK17: Ncpv1/Ncpv0 vs. TdNcpv | GL17: Omega-97 | GM17: 2.58 | GN17: 0.068 | GO17: 1.795 | GP17: 0.018 | GQ17: -0.1035 | GR17: 0.34 | GS17: 0.67059389
A18: 2 | B18: Zeta | C18: 0 | D18: 0 | E18: 0 | F18: 0 | G18: 193.3 | H18: 212.2 | I18: 18.9 | J18: 7.43036 | K18: 0 | X18: 42 | Y18: Gamma | Z18: 0 | AA18: 0 | AB18: 0 | AC18: 0 | AD18: 1.4 | AE18: 4.6 | AF18: 3.2 | AG18: 0.58268 | AH18: NaN | AI18: =IF(Table15[[#This Row],[Set]]="Zeta", -2, -20) -> -20 | AO18: 69 | AP18: 15 | AQ18: 73.023352 | BA18: 40 | BB18: 15 | BC18: 0.90694487 | BD18: =LN(BC18) -> -0.097673614 | BM18: 27 | BN18: 15 | BO18: 0.74336694 | BY18: 17 | BZ18: 18 | CA18: 0.60529877 | CK18: 96 | CL18: 15 | CM18: 1.6475078 | CW18: 40 | CX18: 1.7780309 | CY18: 1.4767442 | DI18: 88 | DJ18: 5.422271 | DK18: 1.1363636 | DU18: 61 | DV18: 1.8849618 | DW18: 1.4444444 | EG18: 15 | EH18: 0.70432789 | EI18: 2.6754717 | ES18: 15 | ET18: 0.70432789 | EU18: 2.6754717 | FE18: Ncpv1/Ncpv0 vs. TdNcpv Zeta 3.916 1.095 1.341 0.072 -0.0178 1.724 0.80121905 | GK18: Ncpv1/Ncpv0 vs. TdNcpv | GL18: Alpha-85 | GM18: 2.391 | GN18: 0.067 | GO18: 1.859 | GP18: 0.021 | GQ18: -0.1404 | GR18: 0.31 | GS18: 0.62700814
A19: 54 | B19: Zeta | C19: 2 | D19: 0 | E19: -2 | F19: 0 | G19: 64.9 | H19: 68.5 | I19: 3.6 | J19: 12.83936 | K19: NaN | X19: 23 | Y19: Gamma | Z19: 0 | AA19: 0 | AB19: 0 | AC19: 0 | AD19: 21 | AE19: 67.3 | AF19: 46.3 | AG19: 0.59516 | AH19: NaN | AI19: =IF(Table15[[#This Row],[Set]]="Zeta", -2, -20) -> -20 | AO19: 64 | AP19: 16 | AQ19: 74.702811 | BA19: 10 | BB19: 16 | BC19: 0.91815815 | BD19: =LN(BC19) -> -0.085385631 | BM19: 6 | BN19: 16 | BO19: 0.75828648 | BY19: 31 | BZ19: 19 | CA19: 0.69086587 | CK19: 81 | CL19: 16 | CM19: 1.6703212 | CW19: 10 | CX19: 1.696497 | CY19: 1.5046729 | DI19: 83 | DJ19: 5.7114559 | DK19: 1.1290323 | DU19: 75 | DV19: 1.779743 | DW19: 1.4761905 | EG19: 60 | EH19: 0.74188197 | EI19: 2.5454545 | ES19: 60 | ET19: 0.74188197 | EU19: 2.5454545 | FE19: Ncpv1/Ncpv0 vs. TdNcpv Gamma 1.585 0.094 2.038 0.050 -0.1451 0.324 0.78015644 | GK19: Ncpv1/Ncpv0 vs. TdNcpv | GL19: Gamma-45 | GM19: 1.691 | GN19: 0.102 | GO19: 2.174 | GP19: 0.049 | GQ19: -0.1963 | GR19: 0.341 | GS19: 0.66116372
A20: 55 | B20: Zeta | C20: 0 | D20: 0 | E20: 0 | F20: 0 | G20: 68.2 | H20: 71.4 | I20: 3.2 | J20: 15.11662 | K20: NaN | X20: 17 | Y20: Theta | Z20: 0 | AA20: 1 | AB20: 1 | AC20: 0 | AD20: 6.3 | AE20: 19.8 | AF20: 13.5 | AG20: 0.6053 | AH20: NaN | AI20: =IF(Table15[[#This Row],[Set]]="Zeta", -2, -20) -> -20 | AO20: 76 | AP20: 17 | AQ20: 77.404651 | BA20: 21 | BB20: 17 | BC20: 0.92953596 | BD20: =LN(BC20) -> -0.073069787 | BM20: 62 | BN20: 17 | BO20: 0.76037249 | BY20: 15 | BZ20: 20 | CA20: 0.70432789 | CK20: 82 | CL20: 17 | CM20: 1.770968 | CW20: 21 | CX20: 1.6216093 | CY20: 1.5333333 | DI20: 90 | DJ20: 22.756573 | DK20: 1.0309278 | DU20: 57 | DV20: 1.7095113 | DW20: 1.5 | EG20: 14 | EH20: 0.75794925 | EI20: 2.4955357 | ES20: 14 | ET20: 0.75794925 | EU20: 2.4955357 | FE20: Ncpv1/Ncpv0 vs. TdNcpv Omega 2.502 0.066 1.741 0.018 -0.0892 0.332 0.73527949
A21: 74 | B21: Theta | C21: 2 | D21: 7 | E21: 5 | F21: 0.55329 | G21: 141.1 | H21: 191 | I21: 49.9 | J21: 2.28909 | K21: NaN | X21: 31 | Y21: Gamma | Z21: 0 | AA21: 0 | AB21: 0 | AC21: 0 | AD21: 3.3 | AE21: 9 | AF21: 5.7 | AG21: 0.69087 | AH21: NaN | AI21: =IF(Table15[[#This Row],[Set]]="Zeta", -2, -20) -> -20 | AO21: 95 | AP21: 18 | AQ21: 82.487454 | BA21: 29 | BB21: 18 | BC21: 0.93568599 | BD21: =LN(BC21) -> -0.066475338 | BM21: 80 | BN21: 18 | BO21: 0.76487136 | BY21: 60 | BZ21: 21 | CA21: 0.74188197 | CK21: 85 | CL21: 18 | CM21: 1.8269386 | CW21: 29 | CX21: 1.5840299 | CY21: 1.5489614 | DI21: Regression Set Mean X moe X Mean Y moe Y Slope xSD p-value | DU21: 71 | DV21: 1.3569154 | DW21: 1.6666667 | EG21: 43 | EH21: 0.8866646 | EI21: 2.1852861 | ES21: 43 | ET21: 0.8866646 | EU21: 2.1852861 | FE21: Ncpv1/Ncpv0 vs. TdNcpv Alpha 2.309 0.064 1.796 0.022 -0.1186 0.303 0.70989094 | FY21: Regression | FZ21: Set | GA21: Mean X | GB21: moe X | GC21: Mean Y | GD21: moe Y | GE21: Slope | GF21: xSD | GG21: p-value | GK21: Regression | GL21: Set | GM21: Mean X | GN21: moe X | GO21: Mean Y | GP21: moe Y | GQ21: Slope | GR21: xSD | GS21: p-value
A22: 84 | B22: Eta | C22: 17 | D22: 35 | E22: 18 | F22: 0.95986 | G22: 58.9 | H22: 76.4 | I22: 17.5 | J22: 2.6645 | K22: NaN | X22: 15 | Y22: Gamma | Z22: 0 | AA22: 0 | AB22: 0 | AC22: 0 | AD22: 26.5 | AE22: 70.9 | AF22: 44.4 | AG22: 0.70433 | AH22: NaN | AI22: =IF(Table15[[#This Row],[Set]]="Zeta", -2, -20) -> -20 | AO22: 80 | AP22: 19 | AQ22: 83.599043 | BA22: 5 | BB22: 19 | BC22: 0.95155887 | BD22: =LN(BC22) -> -0.049653723 | BM22: 44 | BN22: 19 | BO22: 0.76952016 | BY22: 14 | BZ22: 22 | CA22: 0.75794925 | CK22: 99 | CL22: 19 | CM22: 1.8904726 | CW22: 5 | CX22: 1.4952285 | CY22: 1.5897436 | DI22: Cac1/Cac0 vs. TdCac Gamma 0.000 0.000 0.000 0.000 NaN 0.000 1.00000000 | DU22: 70 | DV22: 1.1792496 | DW22: 1.8 | EG22: 35 | EH22: 0.96594946 | EI22: 2.04947 | ES22: 35 | ET22: 0.96594946 | EU22: 2.04947 | FE22: Ncpv1/Ncpv0 vs. TdNcpv BetaUZeta 3.349 0.152 1.468 0.017 -0.0489 0.545 0.63405439 | FY22: Cac0/Cac1 vs. TdCac | FZ22: Gamma | GA22: 0 | GB22: 0 | GC22: 0 | GD22: 0 | GE22: NaN | GF22: 0 | GG22: 1 | GK22: QAngio1/QAngio0 vs. TdQAngio | GL22: Beta-8 | GM22: 4.442 | GN22: 2.733 | GO22: 2.189 | GP22: 0.522 | GQ22: -0.0651 | GR22: 3.269 | GS22: 0.76433206
A23: 67 | B23: Theta | C23: 4 | D23: 8 | E23: 4 | F23: 1 | G23: 139.4 | H23: 153.6 | I23: 14.2 | J23: 7.14553 | K23: NaN | X23: 60 | Y23: Gamma | Z23: 0 | AA23: 0 | AB23: 0 | AC23: 0 | AD23: 4.4 | AE23: 11.2 | AF23: 6.8 | AG23: 0.74188 | AH23: NaN | AI23: =IF(Table15[[#This Row],[Set]]="Zeta", -2, -20) -> -20 | AO23: 63 | AP23: 20 | AQ23: 86.18892 | BA23: 47 | BB23: 20 | BC23: 0.95189526 | BD23: =LN(BC23) -> -0.049300276 | BM23: 91 | BN23: 20 | BO23: 0.772477 | BY23: 53 | BZ23: 23 | CA23: 0.76169037 | CK23: 49 | CL23: 20 | CM23: 1.9163589 | CW23: 47 | CX23: 1.4934633 | CY23: 1.5906149 | DI23: Cac1/Cac0 vs. TdCac Theta 7.825 1.406 1.059 0.077 0.0004 3.252 0.99468373 | DU23: 67 | DV23: 1 | DW23: 2 | EG23: 11 | EH23: 0.96818108 | EI23: 2.0460829 | ES23: 11 | ET23: 0.96818108 | EU23: 2.0460829 | FE23: Ncpv1/Ncpv0 vs. TdNcpv Theta 3.347 0.362 1.579 0.049 -0.0723 0.837 0.55267777 | FY23: Cac0/Cac1 vs. TdCac | FZ23: BetaUZeta | GA23: 4.281 | GB23: 0.479 | GC23: 0.628 | GD23: 0.015 | GE23: 0.0078 | GF23: 1.719 | GG23: 0.80670086 | GK23: QAngio1/QAngio0 vs. TdQAngio | GL23: Alpha-9 | GM23: 4.145 | GN23: 2.212 | GO23: 2.11 | GP23: 0.425 | GQ23: -0.0611 | GR23: 2.877 | GS23: 0.77587605
A24: 79 | B24: Eta | C24: 53 | D24: 103 | E24: 50 | F24: 1.04321 | G24: 130.5 | H24: 179 | I24: 48.5 | J24: 2.19342 | K24: NaN | X24: 14 | Y24: Gamma | Z24: 0 | AA24: 0 | AB24: 0 | AC24: 0 | AD24: 22.4 | AE24: 55.9 | AF24: 33.5 | AG24: 0.75795 | AH24: NaN | AI24: =IF(Table15[[#This Row],[Set]]="Zeta", -2, -20) -> -20 | AO24: 99 | AP24: 21 | AQ24: 86.246623 | BA24: 46 | BB24: 21 | BC24: 0.97077892 | BD24: =LN(BC24) -> -0.029656522 | BM24: 86 | BN24: 21 | BO24: 0.77566956 | BY24: 50 | BZ24: 24 | CA24: 0.82875191 | CK24: 65 | CL24: 21 | CM24: 1.9530068 | CW24: 46 | CX24: 1.4011572 | CY24: 1.64 | DI24: Cac1/Cac0 vs. TdCac BetaUZeta 4.281 0.479 1.020 0.027 0.0033 1.719 0.95488734 | DU24: 74 | DV24: 0.55329476 | DW24: 3.5 | EG24: 1 | EH24: 0.98480443 | EI24: 2.0215054 | ES24: 1 | ET24: 0.98480443 | EU24: 2.0215054 | FE24: Ncpv1/Ncpv0 vs. TdNcpv Beta 3.178 0.166 1.505 0.023 -0.0741 0.518 0.53942816 | FY24: Cac0/Cac1 vs. TdCac | FZ24: Zeta | GA24: -2.814 | GB24: 2.062 | GC24: 0.528 | GD24: 0.11 | GE24: -0.0153 | GF24: 3.245 | GG24: 0.78978639 | GK24: QAngio1/QAngio0 vs. TdQAngio | GL24: BetaUZeta-9 | GM24: 3.948 | GN24: 2.235 | GO24: 2.057 | GP24: 0.434 | GQ24: -0.0543 | GR24: 2.908 | GS24: 0.80451432
A25: 70 | B25: Theta | C25: 10 | D25: 18 | E25: 8 | F25: 1.17925 | G25: 52.1 | H25: 62.5 | I25: 10.4 | J25: 3.80847 | K25: NaN | X25: 53 | Y25: Theta | Z25: 0 | AA25: 1 | AB25: 1 | AC25: 0 | AD25: 67.1 | AE25: 166.7 | AF25: 99.6 | AG25: 0.76169 | AH25: 0.38103 | AI25: =IF(Table15[[#This Row],[Set]]="Zeta", -2, -20) -> -20 | AO25: 73 | AP25: 22 | AQ25: 90.213137 | BA25: 7 | BB25: 22 | BC25: 0.978761 | BD25: =LN(BC25) -> -0.021467793 | BM25: 73 | BN25: 22 | BO25: 0.77604848 | BY25: 52 | BZ25: 25 | CA25: 0.88058351 | CK25: 94 | CL25: 22 | CM25: 2.0565491 | CW25: 7 | CX25: 1.3657686 | CY25: 1.661157 | DI25: Cac1/Cac0 vs. TdCac Beta 6.409 0.615 1.179 0.034 -0.0035 1.923 0.95131893 | DU25: 59 | DV25: 0 | DW25: 1 | EG25: 18 | EH25: 1.0689931 | EI25: 1.9125 | ES25: 18 | ET25: 1.0689931 | EU25: 1.9125 | FE25: Ncpv1/Ncpv0 vs. TdNcpv Qangio 2.445 0.491 1.757 0.203 -0.2440 0.687 0.53167124 | FY25: Cac0/Cac1 vs. TdCac | FZ25: Omega | GA25: 2.226 | GB25: 0.181 | GC25: 0.327 | GD25: 0.008 | GE25: 0.0156 | GF25: 0.911 | GG25: 0.72629691 | GK25: QAngio1/QAngio0 vs. TdQAngio | GL25: Omega-10 | GM25: 3.731 | GN25: 1.856 | GO25: 1.999 | GP25: 0.362 | GQ25: -0.0518 | GR25: 2.595 | GS25: 0.81123843
A26: 71 | B26: Theta | C26: 3 | D26: 5 | E26: 2 | F26: 1.35692 | G26: 164.2 | H26: 220 | I26: 55.8 | J26: 2.36939 | K26: NaN | X26: 50 | Y26: Theta | Z26: 0 | AA26: 1 | AB26: 1 | AC26: 0 | AD26: 26.3 | AE26: 60.7 | AF26: 34.4 | AG26: 0.82875 | AH26: NaN | AI26: =IF(Table15[[#This Row],[Set]]="Zeta", -2, -20) -> -20 | AO26: 66 | AP26: 23 | AQ26: 104.42543 | BA26: 33 | BB26: 23 | BC26: 0.98164061 | BD26: =LN(BC26) -> -0.018530013 | BM26: 61 | BN26: 23 | BO26: 0.78275934 | BY26: 43 | BZ26: 26 | CA26: 0.8866646 | CK26: 57 | CL26: 23 | CM26: 2.1462626 | CW26: 33 | CX26: 1.3534767 | CY26: 1.6688312 | DI26: Cac1/Cac0 vs. TdCac Zeta -2.814 2.062 0.489 0.101 -0.0109 3.245 0.83938619 | DU26: 69 | DV26: 0 | DW26: 1 | EG26: 39 | EH26: 1.1006914 | EI26: 1.8771186 | ES26: 39 | ET26: 1.1006914 | EU26: 1.8771186 | FE26: Ncpv1/Ncpv0 vs. TdNcpv Eta 2.950 0.262 1.405 0.036 -0.0951 0.510 0.38339717 | FY26: Cac0/Cac1 vs. TdCac | FZ26: Beta | GA26: 6.409 | GB26: 0.615 | GC26: 0.659 | GD26: 0.017 | GE26: 0.0121 | GF26: 1.923 | GG26: 0.62646325 | GK26: QAngio1/QAngio0 vs. TdQAngio | GL26: Eta-6 | GM26: 5.644 | GN26: 4.639 | GO26: 1.606 | GP26: 0.214 | GQ26: -0.0312 | GR26: 4.42 | GS26: 0.49525457
A27: 76 | B27: Eta | C27: 69 | D27: 105 | E27: 36 | F27: 1.65092 | G27: 53.4 | H27: 112.2 | I27: 58.8 | J27: 0.93357 | K27: NaN | X27: 52 | Y27: Theta | Z27: 0 | AA27: 1 | AB27: 1 | AC27: 0 | AD27: 20.8 | AE27: 45.7 | AF27: 24.9 | AG27: 0.88058 | AH27: NaN | AI27: =IF(Table15[[#This Row],[Set]]="Zeta", -2, -20) -> -20 | AO27: 53 | AP27: 24 | AQ27: 105.76186 | BA27: 34 | BB27: 24 | BC27: 0.9870598 | BD27: =LN(BC27) -> -0.013024651 | BM27: 70 | BN27: 24 | BO27: 0.78828286 | BY27: 51 | BZ27: 27 | CA27: 0.90947481 | CK27: 98 | CL27: 24 | CM27: 2.18439 | CW27: 34 | CX27: 1.3309892 | CY27: 1.6833333 | DI27: Cac1/Cac0 vs. TdCac Omega 2.226 0.181 0.530 0.014 0.0165 0.911 0.83299053 | DU27: Regression Set Mean X moe X Mean Y moe Y Slope xSD p-value | EG27: 38 | EH27: 1.1219646 | EI27: 1.8548387 | ES27: 38 | ET27: 1.1219646 | EU27: 1.8548387 | FY27: Cac0/Cac1 vs. TdCac | FZ27: Qangio | GA27: 6.128 | GB27: 2.505 | GC27: 0.602 | GD27: 0.1 | GE27: 0.02 | GF27: 3.502 | GG27: 0.61822159 | GK27: Insufficient Qangio data to do regressions for sets Theta, Zeta, or Gamma
A28: 62 | B28: Eta | C28: 27 | D28: 41 | E28: 14 | F28: 1.6593 | G28: 45.3 | H28: 51.6 | I28: 6.3 | J28: 5.32311 | K28: NaN | X28: 43 | Y28: Gamma | Z28: 0 | AA28: 0 | AB28: 0 | AC28: 0 | AD28: 36.7 | AE28: 80.2 | AF28: 43.5 | AG28: 0.88666 | AH28: NaN | AI28: =IF(Table15[[#This Row],[Set]]="Zeta", -2, -20) -> -20 | AO28: 57 | AP28: 25 | AQ28: 111.29582 | BA28: 24 | BB28: 25 | BC28: 1.0068047 | BD28: =LN(BC28) -> 0.0067816917 | BM28: 77 | BN28: 25 | BO28: 0.78970619 | BY28: 76 | BZ28: 28 | CA28: 0.93356645 | CK28: 79 | CL28: 25 | CM28: 2.1934164 | CW28: 24 | CX28: 1.2555454 | CY28: 1.7368421 | DI28: Cac1/Cac0 vs. TdCac Alpha 2.913 0.197 0.536 0.017 0.0223 0.928 0.79029186 | DU28: Cac1/Cac0 vs. TdCac Gamma 0.000 0.000 0.000 0.000 NaN 0.000 1.00000000 | EG28: 58 | EH28: 1.2386126 | EI28: 1.75 | ES28: 58 | ET28: 1.2386126 | EU28: 1.75 | FY28: Cac0/Cac1 vs. TdCac | FZ28: Theta | GA28: 7.825 | GB28: 1.406 | GC28: 0.574 | GD28: 0.036 | GE28: 0.0132 | GF28: 3.252 | GG28: 0.57396669 | GK28: Although Time to double in the Omega data is 2.58 years (Cleerly Ncpv) but is 3.73 years in Qangino, 1.4 x faster in Cleerly
A29: 57 | B29: Theta | C29: 4 | D29: 6 | E29: 2 | F29: 1.70951 | G29: 94.7 | H29: 130.8 | I29: 36.1 | J29: 2.14626 | K29: NaN | X29: 51 | Y29: Zeta | Z29: 6 | AA29: 0 | AB29: -6 | AC29: 0 | AD29: 19.6 | AE29: 42 | AF29: 22.4 | AG29: 0.90947 | AH29: NaN | AI29: =IF(Table15[[#This Row],[Set]]="Zeta", -2, -20) -> -2 | AO29: 75 | AP29: 26 | AQ29: 111.54461 | BA29: 58 | BB29: 26 | BC29: 1.0116009 | BD29: =LN(BC29) -> 0.011534137 | BM29: 68 | BN29: 26 | BO29: 0.80449556 | BY29: 35 | BZ29: 29 | CA29: 0.96594946 | CK29: 74 | CL29: 26 | CM29: 2.2890909 | CW29: 58 | CX29: 1.2386126 | CY29: 1.75 | DI29: Cac1/Cac0 vs. TdCac Qangio 6.128 2.505 0.820 0.137 0.0164 3.502 0.78509623 | DU29: Cac1/Cac0 vs. TdCac Theta 7.825 1.406 1.059 0.077 0.0004 3.252 0.99468373 | EG29: 24 | EH29: 1.2555454 | EI29: 1.7368421 | ES29: 24 | ET29: 1.2555454 | EU29: 1.7368421 | FY29: Cac0/Cac1 vs. TdCac | FZ29: Alpha | GA29: 2.913 | GB29: 0.197 | GC29: 0.299 | GD29: 0.009 | GE29: 0.0246 | GF29: 0.928 | GG29: 0.52844833
A30: 75 | B30: Theta | C30: 21 | D30: 31 | E30: 10 | F30: 1.77974 | G30: 106.8 | H30: 116.5 | I30: 9.7 | J30: 7.97332 | K30: NaN | X30: 76 | Y30: Eta | Z30: 69 | AA30: 105 | AB30: 36 | AC30: 1.65092 | AD30: 53.4 | AE30: 112.2 | AF30: 58.8 | AG30: 0.93357 | AH30: NaN | AI30: =IF(Table15[[#This Row],[Set]]="Zeta", -2, -20) -> -20 | AO30: 78 | AP30: 27 | AQ30: 117.79711 | BA30: 38 | BB30: 27 | BC30: 1.0490153 | BD30: =LN(BC30) -> 0.04785196 | BM30: 63 | BN30: 27 | BO30: 0.80790711 | BY30: 11 | BZ30: 30 | CA30: 0.96818108 | CK30: 100 | CL30: 27 | CM30: 2.3328494 | CW30: 38 | CX30: 1.1219646 | CY30: 1.8548387 | DI30: Cac1/Cac0 vs. TdCac Eta 4.493 0.641 1.341 0.037 -0.0312 1.247 0.56006633 | DU30: Cac1/Cac0 vs. TdCac BetaUZeta 4.281 0.479 1.020 0.027 0.0033 1.719 0.95488734 | EG30: 34 | EH30: 1.3309892 | EI30: 1.6833333 | ES30: 34 | ET30: 1.3309892 | EU30: 1.6833333 | FY30: Cac0/Cac1 vs. TdCac | FZ30: Eta | GA30: 4.493 | GB30: 0.641 | GC30: 0.773 | GD30: 0.018 | GE30: 0.0175 | GF30: 1.247 | GG30: 0.44905726
A31: 80 | B31: Eta | C31: 66 | D31: 97 | E31: 31 | F31: 1.80012 | G31: 78 | H31: 89.6 | I31: 11.6 | J31: 4.99938 | K31: NaN | X31: 35 | Y31: Gamma | Z31: 0 | AA31: 0 | AB31: 0 | AC31: 0 | AD31: 28.3 | AE31: 58 | AF31: 29.7 | AG31: 0.96595 | AH31: NaN | AI31: =IF(Table15[[#This Row],[Set]]="Zeta", -2, -20) -> -20 | AO31: 97 | AP31: 28 | AQ31: 132.74106 | BA31: 39 | BB31: 28 | BC31: 1.0567893 | BD31: =LN(BC31) -> 0.055235371 | BM31: 8 | BN31: 28 | BO31: 0.81431203 | BY31: 78 | BZ31: 31 | CA31: 0.96976666 | CK31: 71 | CL31: 28 | CM31: 2.3693909 | CW31: 39 | CX31: 1.1006914 | CY31: 1.8771186 | DU31: Cac1/Cac0 vs. TdCac Beta 6.409 0.615 1.179 0.034 -0.0035 1.923 0.95131893 | EG31: 33 | EH31: 1.3534767 | EI31: 1.6688312 | ES31: 33 | ET31: 1.3534767 | EU31: 1.6688312
A32: 61 | B32: Theta | C32: 9 | D32: 13 | E32: 4 | F32: 1.88496 | G32: 12.8 | H32: 15.2 | I32: 2.4 | J32: 4.03344 | K32: NaN | X32: 11 | Y32: Gamma | Z32: 0 | AA32: 0 | AB32: 0 | AC32: 0 | AD32: 21.7 | AE32: 44.4 | AF32: 22.7 | AG32: 0.96818 | AH32: NaN | AI32: =IF(Table15[[#This Row],[Set]]="Zeta", -2, -20) -> -20 | AO32: 87 | AP32: 29 | AQ32: 134.61111 | BA32: 18 | BB32: 29 | BC32: 1.0690118 | BD32: =LN(BC32) -> 0.066734688 | BM32: 36 | BN32: 29 | BO32: 0.8157495 | BY32: 1 | BZ32: 32 | CA32: 0.98480443 | CK32: 90 | CL32: 29 | CM32: 2.4739248 | CW32: 18 | CX32: 1.0689931 | CY32: 1.9125 | DU32: Cac1/Cac0 vs. TdCac Zeta -2.814 2.062 0.489 0.101 -0.0109 3.245 0.83938619 | EG32: 7 | EH32: 1.3657686 | EI32: 1.661157 | ES32: 7 | ET32: 1.3657686 | EU32: 1.661157
A33: 72 | B33: Theta | C33: 12 | D33: 17 | E33: 5 | F33: 1.99005 | G33: 290.2 | H33: 301 | I33: 10.8 | J33: 18.96958 | K33: NaN | X33: 78 | Y33: Eta | Z33: 81 | AA33: 97 | AB33: 16 | AC33: 3.84522 | AD33: 82.4 | AE33: 168.4 | AF33: 86 | AG33: 0.96977 | AH33: NaN | AI33: =IF(Table15[[#This Row],[Set]]="Zeta", -2, -20) -> -20 | AO33: 65 | AP33: 30 | AQ33: 135.65839 | BA33: 1 | BB33: 30 | BC33: 1.1057552 | BD33: =LN(BC33) -> 0.10052852 | BM33: 95 | BN33: 30 | BO33: 0.81666608 | BY33: 56 | BZ33: 33 | CA33: 1 | CK33: 66 | CL33: 30 | CM33: 2.5387142 | CW33: 1 | CX33: 0.98480443 | CY33: 2.0215054 | DU33: Cac1/Cac0 vs. TdCac Omega 2.226 0.181 0.530 0.014 0.0165 0.911 0.83299053 | EG33: 46 | EH33: 1.4011572 | EI33: 1.64 | ES33: 46 | ET33: 1.4011572 | EU33: 1.64
A34: 99 | B34: Eta | C34: 194 | D34: 272 | E34: 78 | F34: 2.05107 | G34: 71.8 | H34: 103.6 | I34: 31.8 | J34: 1.89047 | K34: NaN | X34: 1 | Y34: Gamma | Z34: 0 | AA34: 0 | AB34: 0 | AC34: 0 | AD34: 9.3 | AE34: 18.8 | AF34: 9.5 | AG34: 0.9848 | AH34: NaN | AI34: =IF(Table15[[#This Row],[Set]]="Zeta", -2, -20) -> -20 | AO34: 67 | AP34: 31 | AQ34: 146.32785 | BA34: 11 | BB34: 31 | BC34: 1.1138565 | BD34: =LN(BC34) -> 0.10782831 | BM34: 92 | BN34: 31 | BO34: 0.81852014 | BY34: 64 | BZ34: 34 | CA34: 1.0266371 | CK34: 93 | CL34: 31 | CM34: 2.6192418 | CW34: 11 | CX34: 0.96818108 | CY34: 2.0460829 | DU34: Cac1/Cac0 vs. TdCac Alpha 2.913 0.197 0.536 0.017 0.0223 0.928 0.79029186 | EG34: 47 | EH34: 1.4934633 | EI34: 1.5906149 | ES34: 47 | ET34: 1.4934633 | EU34: 1.5906149
A35: 96 | B35: Eta | C35: 556 | D35: 768 | E35: 212 | F35: 2.14582 | G35: 255.8 | H35: 389.6 | I35: 133.8 | J35: 1.64751 | K35: 0.90454 | X35: 56 | Y35: Zeta | Z35: 0 | AA35: 0 | AB35: 0 | AC35: 0 | AD35: 15.5 | AE35: 31 | AF35: 15.5 | AG35: 1 | AH35: NaN | AI35: =IF(Table15[[#This Row],[Set]]="Zeta", -2, -20) -> -2 | AO35: 79 | AP35: 32 | AQ35: 152.83815 | BA35: 35 | BB35: 32 | BC35: 1.1149678 | BD35: =LN(BC35) -> 0.10882552 | BM35: 88 | BN35: 32 | BO35: 0.8278833 | BY35: 18 | BZ35: 35 | CA35: 1.0689931 | CK35: 84 | CL35: 32 | CM35: 2.6644995 | CW35: 35 | CX35: 0.96594946 | CY35: 2.04947 | DU35: Cac1/Cac0 vs. TdCac Qangio 6.128 2.505 0.820 0.137 0.0164 3.502 0.78509623 | EG35: 5 | EH35: 1.4952285 | EI35: 1.5897436 | ES35: 5 | ET35: 1.4952285 | EU35: 1.5897436
A36: 73 | B36: Theta | C36: 39 | D36: 49 | E36: 10 | F36: 3.03667 | G36: 83.3 | H36: 97.7 | I36: 14.4 | J36: 4.34703 | K36: NaN | X36: 64 | Y36: Theta | Z36: 63 | AA36: 67 | AB36: 4 | AC36: 11.26009 | AD36: 53.3 | AE36: 104.7 | AF36: 51.4 | AG36: 1.02664 | AH36: NaN | AI36: =IF(Table15[[#This Row],[Set]]="Zeta", -2, -20) -> -20 | AO36: 74 | AP36: 33 | AQ36: 164.16486 | BA36: 43 | BB36: 33 | BC36: 1.1585421 | BD36: =LN(BC36) -> 0.14716242 | BM36: 84 | BN36: 33 | BO36: 0.83165344 | BY36: 39 | BZ36: 36 | CA36: 1.1006914 | CK36: 88 | CL36: 33 | CM36: 2.7347922 | CW36: 43 | CX36: 0.8866646 | CY36: 2.1852861 | DU36: Cac1/Cac0 vs. TdCac Eta 4.493 0.641 1.341 0.037 -0.0312 1.247 0.56006633 | EG36: 29 | EH36: 1.5840299 | EI36: 1.5489614 | ES36: 29 | ET36: 1.5840299 | EU36: 1.5489614
A37: 98 | B37: Eta | C37: 265 | D37: 322 | E37: 57 | F37: 3.55785 | G37: 200.3 | H37: 275.1 | I37: 74.8 | J37: 2.18439 | K37: NaN | X37: 18 | Y37: Gamma | Z37: 0 | AA37: 0 | AB37: 0 | AC37: 0 | AD37: 8 | AE37: 15.3 | AF37: 7.3 | AG37: 1.06899 | AH37: NaN | AI37: =IF(Table15[[#This Row],[Set]]="Zeta", -2, -20) -> -20 | AO37: 90 | AP37: 34 | AQ37: 169.33564 | BA37: 14 | BB37: 34 | BC37: 1.2514866 | BD37: =LN(BC37) -> 0.22433216 | BM37: 93 | BN37: 34 | BO37: 0.83419411 | BY37: 38 | BZ37: 37 | CA37: 1.1219646 | CK37: 92 | CL37: 34 | CM37: 2.9275844 | CW37: 14 | CX37: 0.75794925 | CY37: 2.4955357 | EG37: 21 | EH37: 1.6216093 | EI37: 1.5333333 | ES37: 21 | ET37: 1.6216093 | EU37: 1.5333333 | GK37: Timeto double calculation | GL37: Work
A38: 94 | B38: Zeta | C38: 291 | D38: 351 | E38: 60 | F38: 3.69752 | G38: 174.9 | H38: 245 | I38: 70.1 | J38: 2.05655 | K38: NaN | X38: 39 | Y38: Gamma | Z38: 0 | AA38: 0 | AB38: 0 | AC38: 0 | AD38: 23.6 | AE38: 44.3 | AF38: 20.7 | AG38: 1.10069 | AH38: NaN | AI38: =IF(Table15[[#This Row],[Set]]="Zeta", -2, -20) -> -20 | AO38: 83 | AP38: 35 | AQ38: 175.47592 | BA38: 60 | BB38: 35 | BC38: 1.2656664 | BD38: =LN(BC38) -> 0.23559876 | BM38: 66 | BN38: 35 | BO38: 0.83895201 | BY38: 69 | BZ38: 38 | CA38: 1.1275589 | CK38: 95 | CL38: 35 | CM38: 2.9692157 | CW38: 60 | CX38: 0.74188197 | CY38: 2.5454545 | EG38: 10 | EH38: 1.696497 | EI38: 1.5046729 | ES38: 10 | ET38: 1.696497 | EU38: 1.5046729 | GK38: Time interval (t) | GL38: 2675 | GN38: 5
A39: 86 | B39: Eta | C39: 211 | D39: 254 | E39: 43 | F39: 3.73712 | G39: 365.6 | H39: 428.5 | I39: 62.9 | J39: 4.36626 | K39: 1.35692 | X39: 38 | Y39: Gamma | Z39: 0 | AA39: 0 | AB39: 0 | AC39: 0 | AD39: 12.4 | AE39: 23 | AF39: 10.6 | AG39: 1.12196 | AH39: NaN | AI39: =IF(Table15[[#This Row],[Set]]="Zeta", -2, -20) -> -20 | AO39: 71 | AP39: 36 | AQ39: 190.06315 | BA39: 15 | BB39: 36 | BC39: 1.3016815 | BD39: =LN(BC39) -> 0.26365687 | BM39: 90 | BN39: 36 | BO39: 0.84301853 | BY39: 87 | BZ39: 39 | CA39: 1.1859528 | CK39: 63 | CL39: 36 | CM39: 3.1840237 | CW39: 15 | CX39: 0.70432789 | CY39: 2.6754717 | EG39: 40 | EH39: 1.7780309 | EI39: 1.4767442 | ES39: 40 | ET39: 1.7780309 | EU39: 1.4767442 | GK39: cac start | GL39: 55.1 | GN39: 5
A40: 78 | B40: Eta | C40: 81 | D40: 97 | E40: 16 | F40: 3.84522 | G40: 82.4 | H40: 168.4 | I40: 86 | J40: 0.96977 | K40: NaN | X40: 69 | Y40: Theta | Z40: 21 | AA40: 21 | AB40: 0 | AC40: 0 | AD40: 53.7 | AE40: 99.3 | AF40: 45.6 | AG40: 1.12756 | AH40: NaN | AI40: =IF(Table15[[#This Row],[Set]]="Zeta", -2, -20) -> -20 | AO40: 68 | AP40: 37 | AQ40: 190.63276 | BA40: 31 | BB40: 37 | BC40: 1.3156768 | BD40: =LN(BC40) -> 0.27435121 | BM40: 71 | BN40: 37 | BO40: 0.85007805 | BY40: 58 | BZ40: 40 | CA40: 1.2386126 | CK40: 68 | CL40: 37 | CM40: 3.2768083 | CW40: 31 | CX40: 0.69086587 | CY40: 2.7272727 | EG40: 41 | EH40: 1.836004 | EI40: 1.4586777 | ES40: 41 | ET40: 1.836004 | EU40: 1.4586777 | GK40: cac end | GL40: 333 | GN40: 10
A41: 100 | B41: Eta | C41: 221 | D41: 256 | E41: 35 | F41: 4.71481 | G41: 450.6 | H41: 606.5 | I41: 155.9 | J41: 2.33285 | K41: 25.76042 | X41: 87 | Y41: Theta | Z41: 101 | AA41: 103 | AB41: 2 | AC41: 35.34937 | AD41: 100.5 | AE41: 180.3 | AF41: 79.8 | AG41: 1.18595 | AH41: 1.29126 | AI41: =IF(Table15[[#This Row],[Set]]="Zeta", -2, -20) -> -20 | AO41: 77 | AP41: 38 | AQ41: 191.48368 | BA41: 23 | BB41: 38 | BC41: 1.4362177 | BD41: =LN(BC41) -> 0.36201304 | BM41: 100 | BN41: 38 | BO41: 0.85270456 | BY41: 24 | BZ41: 41 | CA41: 1.2555454 | CK41: 77 | CL41: 38 | CM41: 3.754659 | CW41: 23 | CX41: 0.59516116 | CY41: 3.2047619 | EG41: 13 | EH41: 2.0022248 | EI41: 1.4136691 | ES41: 13 | ET41: 2.0022248 | EU41: 1.4136691 | GK41: v2/v1 | GL41: =GL40/GL39 -> 6.0435572 | GN41: =GN40/GN39 -> 2
A42: 93 | B42: Eta | C42: 199 | D42: 230 | E42: 31 | F42: 4.78777 | G42: 290.8 | H42: 378.9 | I42: 88.1 | J42: 2.61924 | K42: 2.91289 | X42: 58 | Y42: Gamma | Z42: 0 | AA42: 0 | AB42: 0 | AC42: 0 | AD42: 82.8 | AE42: 144.9 | AF42: 62.1 | AG42: 1.23861 | AH42: NaN | AI42: =IF(Table15[[#This Row],[Set]]="Zeta", -2, -20) -> -20 | AO42: 91 | AP42: 39 | AQ42: 198.07145 | BA42: 42 | BB42: 39 | BC42: 1.4552872 | BD42: =LN(BC42) -> 0.37520329 | BM42: 74 | BN42: 39 | BO42: 0.85596727 | BY42: 34 | BZ42: 42 | CA42: 1.3309892 | CK42: 70 | CL42: 39 | CM42: 3.8084673 | CW42: 42 | CX42: 0.58268028 | CY42: 3.2857143 | EG42: 20 | EH42: 2.0581309 | EI42: 1.4004376 | ES42: 20 | ET42: 2.0581309 | EU42: 1.4004376 | GK42: Ln() | GL42: =LN(GL41) -> 1.7989928 | GN42: =LN(GN41) -> 0.69314718
A43: 97 | B43: Theta | C43: 47 | D43: 54 | E43: 7 | F43: 4.99254 | G43: 105.7 | H43: 166.7 | I43: 61 | J43: 1.52142 | K43: NaN | X43: 24 | Y43: Gamma | Z43: 0 | AA43: 0 | AB43: 0 | AC43: 0 | AD43: 5.7 | AE43: 9.9 | AF43: 4.2 | AG43: 1.25555 | AH43: NaN | AI43: =IF(Table15[[#This Row],[Set]]="Zeta", -2, -20) -> -20 | AO43: 81 | AP43: 40 | AQ43: 201.69279 | BA43: 12 | BB43: 40 | BC43: 1.4834581 | BD43: =LN(BC43) -> 0.39437592 | BM43: 79 | BN43: 40 | BO43: 0.86358487 | BY43: 33 | BZ43: 43 | CA43: 1.3534767 | CK43: 61 | CL43: 40 | CM43: 4.033437 | CW43: 12 | CX43: 0.5652929 | CY43: 3.4081633 | EG43: 36 | EH43: 2.9902604 | EI43: 1.2608696 | ES43: 36 | ET43: 2.9902604 | EU43: 1.2608696 | GK43: delta t * ln(2) | GL43: =GL38*LN(2) -> 1854.1687 | GN43: =GN38*LN(2) -> 3.4657359
A44: 82 | B44: Eta | C44: 191 | D44: 218 | E44: 27 | F44: 5.24231 | G44: 233.8 | H44: 345.8 | I44: 112 | J44: 1.77097 | K44: 1.99894 | X44: 34 | Y44: Gamma | Z44: 0 | AA44: 0 | AB44: 0 | AC44: 0 | AD44: 24 | AE44: 40.4 | AF44: 16.4 | AG44: 1.33099 | AH44: NaN | AI44: =IF(Table15[[#This Row],[Set]]="Zeta", -2, -20) -> -20 | AO44: 2 | AP44: 41 | AQ44: 202.52965 | BA44: 9 | BB44: 41 | BC44: 1.4923126 | BD44: =LN(BC44) -> 0.40032697 | BM44: 98 | BN44: 41 | BO44: 0.86434031 | BY44: 7 | BZ44: 44 | CA44: 1.3657686 | CK44: 73 | CL44: 41 | CM44: 4.347031 | CW44: 9 | CX44: 0.56006862 | CY44: 3.4473684 | EG44: 8 | EH44: 3.0239042 | EI44: 1.257622 | ES44: 8 | ET44: 3.0239042 | EU44: 1.257622 | GK44: Td days | GL44: =GL43/GL42 -> 1030.6705 | GN44: =GN43/GN42 -> 5
A45: 85 | B45: Eta | C45: 222 | D45: 253 | E45: 31 | F45: 5.30285 | G45: 244.9 | H45: 357.9 | I45: 113 | J45: 1.82694 | K45: 0.92898 | X45: 33 | Y45: Gamma | Z45: 0 | AA45: 0 | AB45: 0 | AC45: 0 | AD45: 15.4 | AE45: 25.7 | AF45: 10.3 | AG45: 1.35348 | AH45: NaN | AI45: =IF(Table15[[#This Row],[Set]]="Zeta", -2, -20) -> -20 | AO45: 94 | AP45: 42 | AQ45: 207.00362 | BA45: 25 | BB45: 42 | BC45: 1.5127935 | BD45: =LN(BC45) -> 0.41395795 | BM45: 57 | BN45: 42 | BO45: 0.86760616 | BY45: 46 | BZ45: 45 | CA45: 1.4011572 | CK45: 86 | CL45: 42 | CM45: 4.3662567 | CW45: 25 | CX45: 0.54839524 | CY45: 3.5393939 | EG45: 44 | EH45: 4.7048941 | EI45: 1.1587302 | ES45: 44 | ET45: 4.7048941 | EU45: 1.1587302 | GK45: Td in years | GL45: =GL44/365.25 -> 2.8218219 | GN45: =GN44 -> 5
A46: 88 | B46: Eta | C46: 88 | D46: 100 | E46: 12 | F46: 5.42227 | G46: 238.5 | H46: 307.3 | I46: 68.8 | J46: 2.73479 | K46: NaN | X46: 7 | Y46: Gamma | Z46: 0 | AA46: 0 | AB46: 0 | AC46: 0 | AD46: 48.4 | AE46: 80.4 | AF46: 32 | AG46: 1.36577 | AH46: NaN | AI46: =IF(Table15[[#This Row],[Set]]="Zeta", -2, -20) -> -20 | AO46: 98 | AP46: 43 | AQ46: 234.73928 | BA46: 3 | BB46: 43 | BC46: 1.5193449 | BD46: =LN(BC46) -> 0.41827923 | BM46: 20 | BN46: 43 | BO46: 0.87565107 | BY46: 47 | BZ46: 46 | CA46: 1.4934633 | CK46: 91 | CL46: 43 | CM46: 4.535522 | CW46: 3 | CX46: 0.54477709 | CY46: 3.5692308 | EG46: 6 | EH46: 5.4883739 | EI46: 1.1346154 | ES46: 6 | ET46: 5.4883739 | EU46: 1.1346154
A47: 83 | B47: Eta | C47: 217 | D47: 245 | E47: 28 | F47: 5.71146 | G47: 169 | H47: 182.2 | I47: 13.2 | J47: 9.21661 | K47: NaN | X47: 46 | Y47: Gamma | Z47: 0 | AA47: 0 | AB47: 0 | AC47: 0 | AD47: 20 | AE47: 32.8 | AF47: 12.8 | AG47: 1.40116 | AH47: NaN | AI47: =IF(Table15[[#This Row],[Set]]="Zeta", -2, -20) -> -20 | AO47: 88 | AP47: 44 | AQ47: 270.7232 | BA47: 48 | BB47: 44 | BC47: 1.591228 | BD47: =LN(BC47) -> 0.46450605 | BM47: 94 | BN47: 44 | BO47: 0.87580221 | BY47: 5 | BZ47: 47 | CA47: 1.4952285 | CK47: 80 | CL47: 44 | CM47: 4.9993849 | CW47: 48 | CX47: 0.50836634 | CY47: 3.9097744 | EG47: 27 | EH47: 7.0702155 | EI47: 1.1030043 | ES47: 27 | ET47: 7.0702155 | EU47: 1.1030043
A48: 95 | B48: Zeta | C48: 175 | D48: 193 | E48: 18 | F48: 7.07985 | G48: 73.4 | H48: 92.7 | I48: 19.3 | J48: 2.96922 | K48: NaN | X48: 47 | Y48: Gamma | Z48: 0 | AA48: 0 | AB48: 0 | AC48: 0 | AD48: 61.8 | AE48: 98.3 | AF48: 36.5 | AG48: 1.49346 | AH48: NaN | AI48: =IF(Table15[[#This Row],[Set]]="Zeta", -2, -20) -> -20 | AO48: 92 | AP48: 45 | AQ48: 284.00759 | BA48: 30 | BB48: 45 | BC48: 1.6053893 | BD48: =LN(BC48) -> 0.4733663 | BM48: 13 | BN48: 45 | BO48: 0.88114802 | BY48: 97 | BZ48: 48 | CA48: 1.5214246 | CK48: 62 | CL48: 45 | CM48: 5.3231125 | CW48: 30 | CX48: 0.50183289 | CY48: 3.979798 | EG48: 45 | EH48: 13.513407 | EI48: 1.0526316 | ES48: 45 | ET48: 13.513407 | EU48: 1.0526316
A49: 64 | B49: Theta | C49: 63 | D49: 67 | E49: 4 | F49: 11.26009 | G49: 53.3 | H49: 104.7 | I49: 51.4 | J49: 1.02664 | K49: NaN | X49: 5 | Y49: Gamma | Z49: 0 | AA49: 0 | AB49: 0 | AC49: 0 | AD49: 15.6 | AE49: 24.8 | AF49: 9.2 | AG49: 1.49523 | AH49: NaN | AI49: =IF(Table15[[#This Row],[Set]]="Zeta", -2, -20) -> -20 | AO49: 82 | AP49: 46 | AQ49: 284.3379 | BA49: 22 | BB49: 46 | BC49: 1.6094379 | BD49: =LN(BC49) -> 0.475885 | BM49: 65 | BN49: 46 | BO49: 0.88626703 | BY49: 29 | BZ49: 49 | CA49: 1.5840299 | CK49: 67 | CL49: 46 | CM49: 7.1455288 | CW49: 22 | CX49: 0.5 | CY49: 4 | EG49: Regression Set Mean X moe X Mean Y moe Y Slope xSD p-value | ES49: Regression Set Mean X moe X Mean Y moe Y Slope xSD p-value
A50: 91 | B50: Theta | C50: 119 | D50: 124 | E50: 5 | F50: 16.8411 | G50: 183.5 | H50: 213.8 | I50: 30.3 | J50: 4.53552 | K50: NaN | X50: 97 | Y50: Theta | Z50: 47 | AA50: 54 | AB50: 7 | AC50: 4.99254 | AD50: 105.7 | AE50: 166.7 | AF50: 61 | AG50: 1.52142 | AH50: NaN | AI50: =IF(Table15[[#This Row],[Set]]="Zeta", -2, -20) -> -20 | AO50: 72 | AP50: 47 | AQ50: 295.55067 | BA50: 37 | BB50: 47 | BC50: 1.688081 | BD50: =LN(BC50) -> 0.5235924 | BM50: 49 | BN50: 47 | BO50: 0.89026221 | BY50: 21 | BZ50: 50 | CA50: 1.6216093 | CK50: 2 | CL50: 47 | CM50: 7.4303579 | CW50: 37 | CX50: 0.46718466 | CY50: 4.4090909 | EG50: Ncpv1/Ncpv0 vs. TdNcpv Zeta-12 3.916 1.095 1.341 0.072 -0.0178 1.724 0.80121905 | ES50: Ncpv1/Ncpv0 vs. TdNcpv Zeta-12 3.916 1.095 1.341 0.072 -0.0178 1.724 0.80121905
A51: 90 | B51: Eta | C51: 388 | D51: 400 | E51: 12 | F51: 22.75657 | G51: 147.2 | H51: 194.8 | I51: 47.6 | J51: 2.47392 | K51: NaN | X51: 29 | Y51: Gamma | Z51: 0 | AA51: 0 | AB51: 0 | AC51: 0 | AD51: 101.1 | AE51: 156.6 | AF51: 55.5 | AG51: 1.58403 | AH51: NaN | AI51: =IF(Table15[[#This Row],[Set]]="Zeta", -2, -20) -> -20 | AO51: 85 | AP51: 48 | AQ51: 296.05694 | BA51: 4 | BB51: 48 | BC51: 1.8009761 | BD51: =LN(BC51) -> 0.58832881 | BM51: 99 | BN51: 48 | BO51: 0.8931846 | BY51: 59 | BZ51: 51 | CA51: 1.640147 | CK51: 75 | CL51: 48 | CM51: 7.9733176 | CW51: 4 | CX51: 0.42773985 | CY51: 5.0555556 | EG51: Ncpv1/Ncpv0 vs. TdNcpv Omega-97 2.580 0.068 1.795 0.018 -0.1035 0.340 0.67059389 | ES51: Ncpv1/Ncpv0 vs. TdNcpv Omega-97 2.580 0.068 1.795 0.018 -0.1035 0.340 0.67059389
A52: 87 | B52: Theta | C52: 101 | D52: 103 | E52: 2 | F52: 35.34937 | G52: 100.5 | H52: 180.3 | I52: 79.8 | J52: 1.18595 | K52: 1.29126 | X52: 21 | Y52: Gamma | Z52: 0 | AA52: 0 | AB52: 0 | AC52: 0 | AD52: 13.5 | AE52: 20.7 | AF52: 7.2 | AG52: 1.62161 | AH52: NaN | AI52: =IF(Table15[[#This Row],[Set]]="Zeta", -2, -20) -> -20 | AO52: 96 | AP52: 49 | AQ52: 315.68921 | BA52: Regression Set Mean X moe X Mean Y moe Y Slope xSD p-value | BM52: 41 | BN52: 49 | BO52: 0.89962368 | BY52: 96 | BZ52: 52 | CA52: 1.6475078 | CK52: 83 | CL52: 49 | CM52: 9.2166143 | CW52: Regression Set Mean X moe X Mean Y moe Y Slope xSD p-value | EG52: Ncpv1/Ncpv0 vs. TdNcpv Gamma-45 1.691 0.102 2.174 0.049 -0.1963 0.341 0.66116372 | ES52: Ncpv1/Ncpv0 vs. TdNcpv Gamma-45 1.691 0.102 2.174 0.049 -0.1963 0.341 0.66116372
A53: 92 | B53: Theta | C53: 295 | D53: 300 | E53: 5 | F53: 41.24129 | G53: 252.3 | H53: 319.7 | I53: 67.4 | J53: 2.92758 | K53: NaN | X53: 59 | Y53: Theta | Z53: 37 | AA53: 37 | AB53: 0 | AC53: 0 | AD53: 42.4 | AE53: 64.7 | AF53: 22.3 | AG53: 1.64015 | AH53: NaN | AI53: =IF(Table15[[#This Row],[Set]]="Zeta", -2, -20) -> -20 | AO53: 93 | AP53: 50 | AQ53: 331.93993 | BA53: Ln(Ncpv1/Ncpv0) vs. OrdAsc Qangio 5.500 0.722 0.980 0.062 0.0737 1.009 0.16226104 | BM53: 85 | BN53: 50 | BO53: 0.9007355 | BY53: 81 | BZ53: 53 | CA53: 1.6703212 | CK53: 54 | CL53: 50 | CM53: 12.839359 | CW53: Ncpv1/Ncpv0 vs. TdNcpv Zeta 3.916 1.095 1.341 0.072 -0.0178 1.724 0.80121905 | EG53: Ncpv1/Ncpv0 vs. TdNcpv BetaUZeta-52 3.349 0.152 1.468 0.017 -0.0489 0.545 0.63405439 | ES53: Ncpv1/Ncpv0 vs. TdNcpv BetaUZeta-52 3.349 0.152 1.468 0.017 -0.0489 0.545 0.63405439
A54: 81 | B54: Theta | C54: 80 | D54: 81 | E54: 1 | F54: 55.79763 | G54: 163.9 | H54: 248.2 | I54: 84.3 | J54: 1.67032 | K54: NaN | X54: 96 | Y54: Eta | Z54: 556 | AA54: 768 | AB54: 212 | AC54: 2.14582 | AD54: 255.8 | AE54: 389.6 | AF54: 133.8 | AG54: 1.64751 | AH54: 0.90454 | AI54: =IF(Table15[[#This Row],[Set]]="Zeta", -2, -20) -> -20 | AO54: 86 | AP54: 51 | AQ54: 395.80248 | BA54: Ln(Ncpv1/Ncpv0) vs. OrdAsc Eta 9.000 0.649 0.872 0.014 0.0192 1.262 0.08488959 | BM54: 40 | BN54: 51 | BO54: 0.90694487 | BY54: 10 | BZ54: 54 | CA54: 1.696497 | CK54: 55 | CL54: 51 | CM54: 15.116624 | CW54: Ncpv1/Ncpv0 vs. TdNcpv Gamma 1.585 0.094 2.038 0.050 -0.1451 0.324 0.78015644 | EG54: Ncpv1/Ncpv0 vs. TdNcpv Alpha-85 2.391 0.067 1.859 0.021 -0.1404 0.310 0.62700814 | ES54: Ncpv1/Ncpv0 vs. TdNcpv Alpha-85 2.391 0.067 1.859 0.021 -0.1404 0.310 0.62700814
X55: 81 | Y55: Theta | Z55: 80 | AA55: 81 | AB55: 1 | AC55: 55.79763 | AD55: 163.9 | AE55: 248.2 | AF55: 84.3 | AG55: 1.67032 | AH55: NaN | AI55: =IF(Table15[[#This Row],[Set]]="Zeta", -2, -20) -> -20 | AO55: 100 | AP55: 52 | AQ55: 522.77041 | BA55: Ln(Ncpv1/Ncpv0) vs. OrdAsc Omega 50.500 0.579 0.958 0.006 0.0099 2.916 0.05358200 | BM55: 82 | BN55: 52 | BO55: 0.90787216 | BY55: 82 | BZ55: 55 | CA55: 1.770968 | CK55: 72 | CL55: 52 | CM55: 18.969584 | CW55: Ncpv1/Ncpv0 vs. TdNcpv Omega 2.502 0.066 1.741 0.018 -0.0892 0.332 0.73527949 | EG55: Ncpv1/Ncpv0 vs. TdNcpv Theta-23 3.347 0.362 1.579 0.049 -0.0723 0.837 0.55267777 | ES55: Ncpv1/Ncpv0 vs. TdNcpv Theta-23 3.347 0.362 1.579 0.049 -0.0723 0.837 0.55267777
X56: 10 | Y56: Gamma | Z56: 0 | AA56: 0 | AB56: 0 | AC56: 0 | AD56: 42.8 | AE56: 64.4 | AF56: 21.6 | AG56: 1.6965 | AH56: NaN | AI56: =IF(Table15[[#This Row],[Set]]="Zeta", -2, -20) -> -20 | AO56: Regression Set Mean X moe X Mean Y moe Y Slope xSD p-value | AR56: moe X | AS56: Mean Y | AT56: moe Y | AU56: Slope | AV56: xSD | AW56: p-value | BA56: Ln(Ncpv1/Ncpv0) vs. OrdAsc Zeta 6.500 0.691 0.840 0.029 0.0383 1.087 0.05186867 | BM56: 10 | BN56: 53 | BO56: 0.91815815 | BY56: 40 | BZ56: 56 | CA56: 1.7780309 | CK56: Regression Set Mean X moe X Mean Y moe Y Slope xSD p-value | CW56: Ncpv1/Ncpv0 vs. TdNcpv Alpha 2.309 0.064 1.796 0.022 -0.1186 0.303 0.70989094 | EG56: Ncpv1/Ncpv0 vs. TdNcpv Beta-40 3.178 0.166 1.505 0.023 -0.0741 0.518 0.53942816 | ES56: Ncpv1/Ncpv0 vs. TdNcpv Beta-40 3.178 0.166 1.505 0.023 -0.0741 0.518 0.53942816
X57: 82 | Y57: Eta | Z57: 191 | AA57: 218 | AB57: 27 | AC57: 5.24231 | AD57: 233.8 | AE57: 345.8 | AF57: 112 | AG57: 1.77097 | AH57: 1.99894 | AI57: =IF(Table15[[#This Row],[Set]]="Zeta", -2, -20) -> -20 | AO57: GeoMeanNcpv vs. OrdAsc Alpha 44.500 0.580 87.612 2.346 3.4483 2.739 0.10975893 | AR57: 0.593 | AS57: 0.181 | AT57: 0.014 | AU57: -0.0171 | AV57: 2.042 | AW57: 0.29163725 | BA57: Ln(Ncpv1/Ncpv0) vs. OrdAsc Alpha 44.500 0.580 0.974 0.008 0.0118 2.739 0.04936557 | BM57: 81 | BN57: 54 | BO57: 0.92200955 | BY57: 85 | BZ57: 57 | CA57: 1.8269386 | CK57: GrowthNcpv vs. RankAsc Gamma 24.500 0.593 1.585 0.094 0.1055 2.042 0.38919377 | CW57: Ncpv1/Ncpv0 vs. TdNcpv BetaUZeta 3.349 0.152 1.468 0.017 -0.0489 0.545 0.63405439 | EG57: Ncpv1/Ncpv0 vs. TdNcpv Eta-17 2.950 0.262 1.405 0.036 -0.0951 0.510 0.38339717 | ES57: Ncpv1/Ncpv0 vs. TdNcpv Eta-17 2.950 0.262 1.405 0.036 -0.0951 0.510 0.38339717
X58: 40 | Y58: Gamma | Z58: 0 | AA58: 0 | AB58: 0 | AC58: 0 | AD58: 17.2 | AE58: 25.4 | AF58: 8.2 | AG58: 1.77803 | AH58: NaN | AI58: =IF(Table15[[#This Row],[Set]]="Zeta", -2, -20) -> -20 | AO58: GeoMeanNcpv vs. OrdAsc Omega 50.500 0.579 89.506 1.983 2.9697 2.916 0.08893367 | AR58: 0.58 | AS58: 0.907 | AT58: 0.025 | AU58: -0.0386 | AV58: 2.739 | AW58: 0.03212989 | BA58: Ln(Ncpv1/Ncpv0) vs. OrdAsc Beta 20.500 0.599 0.905 0.008 0.0124 1.872 0.04437623 | BM58: 96 | BN58: 55 | BO58: 0.92547439 | BY58: 41 | BZ58: 58 | CA58: 1.836004 | CK58: GrowthNcpv vs. RankAsc Theta 12.000 0.625 3.347 0.362 0.4216 1.446 0.32180907 | CW58: Ncpv1/Ncpv0 vs. TdNcpv Theta 3.347 0.362 1.579 0.049 -0.0723 0.837 0.55267777
X59: 85 | Y59: Eta | Z59: 222 | AA59: 253 | AB59: 31 | AC59: 5.30285 | AD59: 244.9 | AE59: 357.9 | AF59: 113 | AG59: 1.82694 | AH59: 0.92898 | AI59: =IF(Table15[[#This Row],[Set]]="Zeta", -2, -20) -> -20 | AO59: GeoMeanNcpv vs. OrdAsc Gamma 24.500 0.593 27.550 1.165 1.7330 2.042 0.07335527 | AR59: 0.579 | AS59: 0.917 | AT59: 0.021 | AU59: -0.0339 | AV59: 2.916 | AW59: 0.02494406 | BA59: Ln(Ncpv1/Ncpv0) vs. OrdAsc BetaUZeta 26.500 0.591 0.890 0.006 0.0095 2.122 0.03367087 | BM59: 59 | BN59: 56 | BO59: 0.92661462 | BY59: 99 | BZ59: 59 | CA59: 1.8904726 | CK59: GrowthNcpv vs. RankAsc Alpha 44.500 0.580 2.309 0.064 0.0800 2.739 0.30362014 | CW59: Ncpv1/Ncpv0 vs. TdNcpv Beta 3.178 0.166 1.505 0.023 -0.0741 0.518 0.53942816
X60: 41 | Y60: Gamma | Z60: 0 | AA60: 0 | AB60: 0 | AC60: 0 | AD60: 24.2 | AE60: 35.3 | AF60: 11.1 | AG60: 1.836 | AH60: NaN | AI60: =IF(Table15[[#This Row],[Set]]="Zeta", -2, -20) -> -20 | AO60: GeoMeanNcpv vs. OrdAsc BetaUZeta 26.500 0.591 146.697 4.189 6.5901 2.122 0.01699578 | AR60: 0.691 | AS60: 0.985 | AT60: 0.197 | AU60: -0.2713 | AV60: 1.087 | AW60: 0.01641515 | BA60: Ln(Ncpv1/Ncpv0) vs. OrdAsc Gamma 24.500 0.593 1.031 0.018 0.0281 2.042 0.02025558 | BM60: 21 | BN60: 57 | BO60: 0.92953596 | BY60: 49 | BZ60: 60 | CA60: 1.9163589 | CK60: GrowthNcpv vs. RankAsc Beta 20.500 0.599 3.178 0.166 0.2028 1.872 0.29974619 | CW60: Ncpv1/Ncpv0 vs. TdNcpv Qangio 2.445 0.491 1.757 0.203 -0.2440 0.687 0.53167124
X61: 99 | Y61: Eta | Z61: 194 | AA61: 272 | AB61: 78 | AC61: 2.05107 | AD61: 71.8 | AE61: 103.6 | AF61: 31.8 | AG61: 1.89047 | AH61: NaN | AI61: =IF(Table15[[#This Row],[Set]]="Zeta", -2, -20) -> -20 | AO61: GeoMeanNcpv vs. OrdAsc Beta 20.500 0.599 159.688 5.864 9.2121 1.872 0.01033099 | AR61: 0.625 | AS61: 1.211 | AT61: 0.08 | AU61: -0.1222 | AV61: 1.446 | AW61: 0.00466895 | BA61: Ln(Ncpv1/Ncpv0) vs. OrdAsc Theta 12.000 0.625 0.930 0.017 0.0258 1.446 0.01929603 | BM61: 29 | BN61: 58 | BO61: 0.93568599 | BY61: 65 | BZ61: 61 | CA61: 1.9530068 | CK61: GrowthNcpv vs. RankAsc Omega 50.500 0.579 2.502 0.066 0.0851 2.916 0.26925247 | CW61: Ncpv1/Ncpv0 vs. TdNcpv Eta 2.950 0.262 1.405 0.036 -0.0951 0.510 0.38339717
X62: 49 | Y62: Theta | Z62: 0 | AA62: 2 | AB62: 2 | AC62: 0 | AD62: 39.7 | AE62: 57 | AF62: 17.3 | AG62: 1.91636 | AH62: NaN | AI62: =IF(Table15[[#This Row],[Set]]="Zeta", -2, -20) -> -20 | AO62: GeoMeanNcpv vs. OrdAsc Zeta 6.500 0.691 103.395 12.699 17.7837 1.087 0.00590654 | AR62: 0.722 | AS62: 1.949 | AT62: 0.296 | AU62: -0.4009 | AV62: 1.009 | AW62: 0.00314794 | BM62: 97 | BN62: 59 | BO62: 0.94666668 | BY62: 13 | BZ62: 62 | CA62: 2.0022248 | CK62: GrowthNcpv vs. RankAsc BetaUZeta 26.500 0.591 3.349 0.152 0.2001 2.122 0.22866178
X63: 65 | Y63: Zeta | Z63: 1 | AA63: 0 | AB63: -1 | AC63: 0 | AD63: 113.6 | AE63: 162 | AF63: 48.4 | AG63: 1.95301 | AH63: NaN | AI63: =IF(Table15[[#This Row],[Set]]="Zeta", -2, -20) -> -2 | AO63: GeoMeanNcpv vs. OrdAsc Qangio 5.500 0.722 264.210 34.031 46.0587 1.009 0.00340057 | AR63: 0.649 | AS63: 2.548 | AT63: 0.088 | AU63: -0.1347 | AV63: 1.262 | AW63: 2.24e-06 | BM63: 5 | BN63: 60 | BO63: 0.95155887 | BY63: 94 | BZ63: 63 | CA63: 2.0565491 | CK63: GrowthNcpv vs. RankAsc Eta 9.000 0.649 2.950 0.262 0.3356 1.262 0.18112052
X64: 13 | Y64: Gamma | Z64: 0 | AA64: 0 | AB64: 0 | AC64: 0 | AD64: 27.8 | AE64: 39.3 | AF64: 11.5 | AG64: 2.00222 | AH64: NaN | AI64: =IF(Table15[[#This Row],[Set]]="Zeta", -2, -20) -> -20 | AO64: GeoMeanNcpv vs. OrdAsc Eta 9.000 0.649 213.540 17.169 25.5493 1.262 0.00318614 | AR64: 0.599 | AS64: 1.779 | AT64: 0.053 | AU64: -0.0879 | AV64: 1.872 | AW64: 0 | BM64: 47 | BN64: 61 | BO64: 0.95189526 | BY64: 20 | BZ64: 64 | CA64: 2.0581309 | CK64: GrowthNcpv vs. RankAsc Qangio 5.500 0.722 2.445 0.491 0.5867 1.009 0.16692932
X65: 94 | Y65: Zeta | Z65: 291 | AA65: 351 | AB65: 60 | AC65: 3.69752 | AD65: 174.9 | AE65: 245 | AF65: 70.1 | AG65: 2.05655 | AH65: NaN | AI65: =IF(Table15[[#This Row],[Set]]="Zeta", -2, -20) -> -2 | AO65: GeoMeanNcpv vs. OrdAsc Theta 12.000 0.625 119.883 7.358 11.4213 1.446 0.00092174 | AR65: 0.591 | AS65: 1.596 | AT65: 0.042 | AU65: -0.0706 | AV65: 2.122 | AW65: 0 | BM65: 46 | BN65: 62 | BO65: 0.97077892 | BY65: 57 | BZ65: 65 | CA65: 2.1462626 | CK65: GrowthNcpv vs. RankAsc Zeta 6.500 0.691 3.916 1.095 1.4192 1.087 0.09720331
X66: 20 | Y66: Gamma | Z66: 0 | AA66: 0 | AB66: 0 | AC66: 0 | AD66: 45.7 | AE66: 64 | AF66: 18.3 | AG66: 2.05813 | AH66: NaN | AI66: =IF(Table15[[#This Row],[Set]]="Zeta", -2, -20) -> -20 | BM66: 7 | BN66: 63 | BO66: 0.978761 | BY66: 98 | BZ66: 66 | CA66: 2.18439
X67: 57 | Y67: Theta | Z67: 4 | AA67: 6 | AB67: 2 | AC67: 1.70951 | AD67: 94.7 | AE67: 130.8 | AF67: 36.1 | AG67: 2.14626 | AH67: NaN | AI67: =IF(Table15[[#This Row],[Set]]="Zeta", -2, -20) -> -20 | BM67: 33 | BN67: 64 | BO67: 0.98164061 | BY67: 79 | BZ67: 67 | CA67: 2.1934164
X68: 98 | Y68: Eta | Z68: 265 | AA68: 322 | AB68: 57 | AC68: 3.55785 | AD68: 200.3 | AE68: 275.1 | AF68: 74.8 | AG68: 2.18439 | AH68: NaN | AI68: =IF(Table15[[#This Row],[Set]]="Zeta", -2, -20) -> -20 | BM68: 34 | BN68: 65 | BO68: 0.9870598 | BY68: 74 | BZ68: 68 | CA68: 2.2890909
X69: 79 | Y69: Eta | Z69: 53 | AA69: 103 | AB69: 50 | AC69: 1.04321 | AD69: 130.5 | AE69: 179 | AF69: 48.5 | AG69: 2.19342 | AH69: NaN | AI69: =IF(Table15[[#This Row],[Set]]="Zeta", -2, -20) -> -20 | BM69: 24 | BN69: 66 | BO69: 1.0068047 | BY69: 100 | BZ69: 69 | CA69: 2.3328494
X70: 74 | Y70: Theta | Z70: 2 | AA70: 7 | AB70: 5 | AC70: 0.55329 | AD70: 141.1 | AE70: 191 | AF70: 49.9 | AG70: 2.28909 | AH70: NaN | AI70: =IF(Table15[[#This Row],[Set]]="Zeta", -2, -20) -> -20 | BM70: 58 | BN70: 67 | BO70: 1.0116009 | BY70: 71 | BZ70: 70 | CA70: 2.3693909
X71: 100 | Y71: Eta | Z71: 221 | AA71: 256 | AB71: 35 | AC71: 4.71481 | AD71: 450.6 | AE71: 606.5 | AF71: 155.9 | AG71: 2.33285 | AH71: 25.76042 | AI71: =IF(Table15[[#This Row],[Set]]="Zeta", -2, -20) -> -20 | BM71: 87 | BN71: 68 | BO71: 1.0274849 | BY71: 90 | BZ71: 71 | CA71: 2.4739248
X72: 71 | Y72: Theta | Z72: 3 | AA72: 5 | AB72: 2 | AC72: 1.35692 | AD72: 164.2 | AE72: 220 | AF72: 55.8 | AG72: 2.36939 | AH72: NaN | AI72: =IF(Table15[[#This Row],[Set]]="Zeta", -2, -20) -> -20 | BM72: 69 | BN72: 69 | BO72: 1.0470249 | BY72: 66 | BZ72: 72 | CA72: 2.5387142
X73: 90 | Y73: Eta | Z73: 388 | AA73: 400 | AB73: 12 | AC73: 22.75657 | AD73: 147.2 | AE73: 194.8 | AF73: 47.6 | AG73: 2.47392 | AH73: NaN | AI73: =IF(Table15[[#This Row],[Set]]="Zeta", -2, -20) -> -20 | BM73: 38 | BN73: 70 | BO73: 1.0490153 | BY73: 93 | BZ73: 73 | CA73: 2.6192418
X74: 66 | Y74: Zeta | Z74: 58 | AA74: 39 | AB74: -19 | AC74: -1.74648 | AD74: 91.1 | AE74: 119.7 | AF74: 28.6 | AG74: 2.53871 | AH74: NaN | AI74: =IF(Table15[[#This Row],[Set]]="Zeta", -2, -20) -> -2 | BM74: 39 | BN74: 71 | BO74: 1.0567893 | BY74: 84 | BZ74: 74 | CA74: 2.6644995
X75: 93 | Y75: Eta | Z75: 199 | AA75: 230 | AB75: 31 | AC75: 4.78777 | AD75: 290.8 | AE75: 378.9 | AF75: 88.1 | AG75: 2.61924 | AH75: 2.91289 | AI75: =IF(Table15[[#This Row],[Set]]="Zeta", -2, -20) -> -20 | BM75: 18 | BN75: 72 | BO75: 1.0690118 | BY75: 88 | BZ75: 75 | CA75: 2.7347922
X76: 84 | Y76: Eta | Z76: 17 | AA76: 35 | AB76: 18 | AC76: 0.95986 | AD76: 58.9 | AE76: 76.4 | AF76: 17.5 | AG76: 2.6645 | AH76: NaN | AI76: =IF(Table15[[#This Row],[Set]]="Zeta", -2, -20) -> -20 | BM76: 64 | BN76: 73 | BO76: 1.0866587 | BY76: 92 | BZ76: 76 | CA76: 2.9275844
X77: 88 | Y77: Eta | Z77: 88 | AA77: 100 | AB77: 12 | AC77: 5.42227 | AD77: 238.5 | AE77: 307.3 | AF77: 68.8 | AG77: 2.73479 | AH77: NaN | AI77: =IF(Table15[[#This Row],[Set]]="Zeta", -2, -20) -> -20 | BM77: 56 | BN77: 74 | BO77: 1.0986123 | BY77: 95 | BZ77: 77 | CA77: 2.9692157
X78: 92 | Y78: Theta | Z78: 295 | AA78: 300 | AB78: 5 | AC78: 41.24129 | AD78: 252.3 | AE78: 319.7 | AF78: 67.4 | AG78: 2.92758 | AH78: NaN | AI78: =IF(Table15[[#This Row],[Set]]="Zeta", -2, -20) -> -20 | BM78: 1 | BN78: 75 | BO78: 1.1057552 | BY78: 36 | BZ78: 78 | CA78: 2.9902604
X79: 95 | Y79: Zeta | Z79: 175 | AA79: 193 | AB79: 18 | AC79: 7.07985 | AD79: 73.4 | AE79: 92.7 | AF79: 19.3 | AG79: 2.96922 | AH79: NaN | AI79: =IF(Table15[[#This Row],[Set]]="Zeta", -2, -20) -> -2 | BM79: 78 | BN79: 76 | BO79: 1.1130704 | BY79: 8 | BZ79: 79 | CA79: 3.0239042
X80: 36 | Y80: Gamma | Z80: 0 | AA80: 0 | AB80: 0 | AC80: 0 | AD80: 20.7 | AE80: 26.1 | AF80: 5.4 | AG80: 2.99026 | AH80: NaN | AI80: =IF(Table15[[#This Row],[Set]]="Zeta", -2, -20) -> -20 | BM80: 11 | BN80: 77 | BO80: 1.1138565 | BY80: 63 | BZ80: 80 | CA80: 3.1840237
X81: 8 | Y81: Gamma | Z81: 0 | AA81: 0 | AB81: 0 | AC81: 0 | AD81: 65.6 | AE81: 82.5 | AF81: 16.9 | AG81: 3.0239 | AH81: NaN | AI81: =IF(Table15[[#This Row],[Set]]="Zeta", -2, -20) -> -20 | BM81: 35 | BN81: 78 | BO81: 1.1149678 | BY81: 68 | BZ81: 81 | CA81: 3.2768083
X82: 63 | Y82: Zeta | Z82: 68 | AA82: 62 | AB82: -6 | AC82: -7.50376 | AD82: 77.3 | AE82: 96.1 | AF82: 18.8 | AG82: 3.18402 | AH82: NaN | AI82: =IF(Table15[[#This Row],[Set]]="Zeta", -2, -20) -> -2 | BM82: 76 | BN82: 79 | BO82: 1.1317645 | BY82: 77 | BZ82: 82 | CA82: 3.754659
X83: 68 | Y83: Theta | Z83: 0 | AA83: 3 | AB83: 3 | AC83: 0 | AD83: 171.5 | AE83: 211.9 | AF83: 40.4 | AG83: 3.27681 | AH83: NaN | AI83: =IF(Table15[[#This Row],[Set]]="Zeta", -2, -20) -> -20 | BM83: 51 | BN83: 80 | BO83: 1.1451323 | BY83: 70 | BZ83: 83 | CA83: 3.8084673
X84: 77 | Y84: Zeta | Z84: 360 | AA84: 353 | AB84: -7 | AC84: -35.29986 | AD84: 174.6 | AE84: 210 | AF84: 35.4 | AG84: 3.75466 | AH84: NaN | AI84: =IF(Table15[[#This Row],[Set]]="Zeta", -2, -20) -> -2 | BM84: 43 | BN84: 81 | BO84: 1.1585421 | BY84: 61 | BZ84: 84 | CA84: 4.033437
X85: 70 | Y85: Theta | Z85: 10 | AA85: 18 | AB85: 8 | AC85: 1.17925 | AD85: 52.1 | AE85: 62.5 | AF85: 10.4 | AG85: 3.80847 | AH85: NaN | AI85: =IF(Table15[[#This Row],[Set]]="Zeta", -2, -20) -> -20 | BM85: 52 | BN85: 82 | BO85: 1.162249 | BY85: 73 | BZ85: 85 | CA85: 4.347031
X86: 61 | Y86: Theta | Z86: 9 | AA86: 13 | AB86: 4 | AC86: 1.88496 | AD86: 12.8 | AE86: 15.2 | AF86: 2.4 | AG86: 4.03344 | AH86: NaN | AI86: =IF(Table15[[#This Row],[Set]]="Zeta", -2, -20) -> -20 | BM86: 50 | BN86: 83 | BO86: 1.1963392 | BY86: 86 | BZ86: 86 | CA86: 4.3662567
X87: 73 | Y87: Theta | Z87: 39 | AA87: 49 | AB87: 10 | AC87: 3.03667 | AD87: 83.3 | AE87: 97.7 | AF87: 14.4 | AG87: 4.34703 | AH87: NaN | AI87: =IF(Table15[[#This Row],[Set]]="Zeta", -2, -20) -> -20 | BM87: 53 | BN87: 84 | BO87: 1.248282 | BY87: 91 | BZ87: 87 | CA87: 4.535522
X88: 86 | Y88: Eta | Z88: 211 | AA88: 254 | AB88: 43 | AC88: 3.73712 | AD88: 365.6 | AE88: 428.5 | AF88: 62.9 | AG88: 4.36626 | AH88: 1.35692 | AI88: =IF(Table15[[#This Row],[Set]]="Zeta", -2, -20) -> -20 | BM88: 14 | BN88: 85 | BO88: 1.2514866 | BY88: 44 | BZ88: 88 | CA88: 4.7048941
X89: 91 | Y89: Theta | Z89: 119 | AA89: 124 | AB89: 5 | AC89: 16.8411 | AD89: 183.5 | AE89: 213.8 | AF89: 30.3 | AG89: 4.53552 | AH89: NaN | AI89: =IF(Table15[[#This Row],[Set]]="Zeta", -2, -20) -> -20 | BM89: 60 | BN89: 86 | BO89: 1.2656664 | BY89: 80 | BZ89: 89 | CA89: 4.9993849
X90: 44 | Y90: Gamma | Z90: 0 | AA90: 0 | AB90: 0 | AC90: 0 | AD90: 18.9 | AE90: 21.9 | AF90: 3 | AG90: 4.70489 | AH90: NaN | AI90: =IF(Table15[[#This Row],[Set]]="Zeta", -2, -20) -> -20 | BM90: 15 | BN90: 87 | BO90: 1.3016815 | BY90: 62 | BZ90: 90 | CA90: 5.3231125
X91: 80 | Y91: Eta | Z91: 66 | AA91: 97 | AB91: 31 | AC91: 1.80012 | AD91: 78 | AE91: 89.6 | AF91: 11.6 | AG91: 4.99938 | AH91: NaN | AI91: =IF(Table15[[#This Row],[Set]]="Zeta", -2, -20) -> -20 | BM91: 31 | BN91: 88 | BO91: 1.3156768 | BY91: 6 | BZ91: 91 | CA91: 5.4883739
X92: 62 | Y92: Eta | Z92: 27 | AA92: 41 | AB92: 14 | AC92: 1.6593 | AD92: 45.3 | AE92: 51.6 | AF92: 6.3 | AG92: 5.32311 | AH92: NaN | AI92: =IF(Table15[[#This Row],[Set]]="Zeta", -2, -20) -> -20 | BM92: 17 | BN92: 89 | BO92: 1.4213857 | BY92: 27 | BZ92: 92 | CA92: 7.0702155
X93: 6 | Y93: Gamma | Z93: 0 | AA93: 0 | AB93: 0 | AC93: 0 | AD93: 10.4 | AE93: 11.8 | AF93: 1.4 | AG93: 5.48837 | AH93: NaN | AI93: =IF(Table15[[#This Row],[Set]]="Zeta", -2, -20) -> -20 | BM93: 23 | BN93: 90 | BO93: 1.4362177 | BY93: 67 | BZ93: 93 | CA93: 7.1455288
X94: 27 | Y94: Gamma | Z94: 0 | AA94: 0 | AB94: 0 | AC94: 0 | AD94: 23.3 | AE94: 25.7 | AF94: 2.4 | AG94: 7.07022 | AH94: NaN | AI94: =IF(Table15[[#This Row],[Set]]="Zeta", -2, -20) -> -20 | BM94: 42 | BN94: 91 | BO94: 1.4552872 | BY94: 2 | BZ94: 94 | CA94: 7.4303579
X95: 67 | Y95: Theta | Z95: 4 | AA95: 8 | AB95: 4 | AC95: 1 | AD95: 139.4 | AE95: 153.6 | AF95: 14.2 | AG95: 7.14553 | AH95: NaN | AI95: =IF(Table15[[#This Row],[Set]]="Zeta", -2, -20) -> -20 | BM95: 12 | BN95: 92 | BO95: 1.4834581 | BY95: 75 | BZ95: 95 | CA95: 7.9733176
X96: 2 | Y96: Zeta | Z96: 0 | AA96: 0 | AB96: 0 | AC96: 0 | AD96: 193.3 | AE96: 212.2 | AF96: 18.9 | AG96: 7.43036 | AH96: 0 | AI96: =IF(Table15[[#This Row],[Set]]="Zeta", -2, -20) -> -2 | BM96: 9 | BN96: 93 | BO96: 1.4923126 | BY96: 83 | BZ96: 96 | CA96: 9.2166143
X97: 75 | Y97: Theta | Z97: 21 | AA97: 31 | AB97: 10 | AC97: 1.77974 | AD97: 106.8 | AE97: 116.5 | AF97: 9.7 | AG97: 7.97332 | AH97: NaN | AI97: =IF(Table15[[#This Row],[Set]]="Zeta", -2, -20) -> -20 | BM97: 25 | BN97: 94 | BO97: 1.5127935 | BY97: 54 | BZ97: 97 | CA97: 12.839359
X98: 83 | Y98: Eta | Z98: 217 | AA98: 245 | AB98: 28 | AC98: 5.71146 | AD98: 169 | AE98: 182.2 | AF98: 13.2 | AG98: 9.21661 | AH98: NaN | AI98: =IF(Table15[[#This Row],[Set]]="Zeta", -2, -20) -> -20 | BM98: 3 | BN98: 95 | BO98: 1.5193449 | BY98: 45 | BZ98: 98 | CA98: 13.513407
X99: 54 | Y99: Zeta | Z99: 2 | AA99: 0 | AB99: -2 | AC99: 0 | AD99: 64.9 | AE99: 68.5 | AF99: 3.6 | AG99: 12.83936 | AH99: NaN | AI99: =IF(Table15[[#This Row],[Set]]="Zeta", -2, -20) -> -2 | BM99: 48 | BN99: 96 | BO99: 1.591228 | BY99: 55 | BZ99: 99 | CA99: 15.116624
X100: 45 | Y100: Gamma | Z100: 0 | AA100: 0 | AB100: 0 | AC100: 0 | AD100: 3.8 | AE100: 4 | AF100: 0.2 | AG100: 13.51341 | AH100: NaN | AI100: =IF(Table15[[#This Row],[Set]]="Zeta", -2, -20) -> -20 | BM100: 30 | BN100: 97 | BO100: 1.6053893 | BY100: 72 | BZ100: 100 | CA100: 18.969584
...

Sheet GeoMean
A1: - | B1: - | C1: Ln(Cac1/Cac0) vs. LnGeoMeanCac -- BetaUZeta
A2: - | B2: - | C2: Slope: 0.1175 N=52 R^2: 0.4373 p-value: 0.391438 y-int 0.2507
A3: Id | B3: LnGeoMeanCac | C3: Ln(Cac1/Cac0)
A4: 2 | B4: 0 | C4: 0
A5: 17 | B5: 0 | C5: 0
A6: 49 | B6: 0 | C6: 0
A7: 50 | B7: 0 | C7: 0
A8: 51 | B8: 0 | C8: 0
A9: 52 | B9: 0 | C9: 0
A10: 53 | B10: 0 | C10: 0
A11: 54 | B11: 0 | C11: 0
A12: 55 | B12: 0 | C12: 0
A13: 56 | B13: 0 | C13: 0
A14: 57 | B14: 1.7747794 | C14: 0.91629073
A15: 59 | B15: 3.6375862 | C15: 0.69314718
... A55: 100 | B55: 5.4758655 | C55: 0.76935379
A56: Regression Set Mean X moe X Mean Y moe Y Slope xSD p-value
A57: Ln(Cac1/Cac0) vs. LnGeoMeanCac Gamma 0.000 0.000 0.000 0.000 NaN 0.000 1.00000000
A58: Ln(Cac1/Cac0) vs. LnGeoMeanCac Beta 3.531 0.100 0.727 0.018 0.0914 0.313 0.55945380
A59: Ln(Cac1/Cac0) vs. LnGeoMeanCac Theta 2.441 0.168 0.640 0.039 0.1316 0.388 0.52624576
A60: Ln(Cac1/Cac0) vs. LnGeoMeanCac Eta 5.006 0.110 0.844 0.015 -0.0923 0.214 0.39556182
A61: Ln(Cac1/Cac0) vs. LnGeoMeanCac BetaUZeta 3.291 0.084 0.637 0.015 0.1175 0.301 0.39143815
A62: Ln(Cac1/Cac0) vs. LnGeoMeanCac Alpha 1.605 0.050 0.330 0.010 0.1654 0.236 0.12417564
A63: Ln(Cac1/Cac0) vs. LnGeoMeanCac Omega 1.711 0.045 0.331 0.008 0.1581 0.227 0.11576800
A64: Ln(Cac1/Cac0) vs. LnGeoMeanCac Zeta 2.488 0.509 0.339 0.069 0.1346 0.801 0.00002343
A65: Ln(Cac1/Cac0) vs. LnGeoMeanCac Qangio 3.821 0.637 0.542 0.090 0.1404 0.891 0.00000074

Sheet Comparison of Heart Scan Tools
A1: Test/Tool | B1: What It Measures | C1: Key Outputs | D1: Strengths | E1: Limitations | F1: Typical Use Case
A2: Traditional CAC (Coronary Artery Calcium) Scoring | B2: Calcium deposits in arteries as a marker of plaque buildup (atherosclerosis). Focuses on risk prediction, not current blockages or flow. | C2: Numerical score (e.g., Agatston: 0 = low risk, >400 = high risk). | D2: Cheap, quick, low radiation; great for screening asymptomatic people; predicts future heart events well. | E2: Misses soft (non-calcified) plaque; doesn't assess blood flow or blockage impact. | F2: First-line risk assessment in healthy adults (e.g., deciding on statins/lifestyle changes). Like checking the "ripeness" of potential issues.
A3: QAngio (Quantitative Angiography) | B3: Artery dimensions, narrowings (stenosis), and estimated blood flow from invasive angiogram images. | C3: Stenosis percentage, vessel measurements, Quantitative Flow Ratio (QFR, e.g., <0.80 = flow issue). | D3: Precise for cath lab procedures; helps guide stents without extra invasive tools. | E3: Requires invasive catheter; not for screening; limited to geometry, not deep plaque details. | F3: During angiograms for patients with suspected severe blockages; procedural planning. Like measuring the "structure" in a detailed, hands-on way.
A4: HeartFlow Analysis | B4: Simulated blood flow through arteries using CT angiography data; assesses if blockages cause ischemia (reduced heart blood supply). | C4: 3D model with Fractional Flow Reserve (FFRct, e.g., <0.80 = significant issue). | D4: Non-invasive functional insight; reduces unnecessary invasive tests; personalized modeling. | E4: Needs high-quality CT scan; processing time/cost; focuses more on flow than plaque types. | F4: Symptomatic patients or intermediate CT findings; deciding if intervention is needed. Like evaluating the "juiciness" or flow dynamics.
A5: Cleerly Heart Analysis | B5: Detailed plaque volume, types (soft vs. calcified), and composition from CT angiography; predicts rupture risk and tracks changes. | C5: Plaque volumes by type, stenosis, CAD staging (0-4), ischemia estimates. | D5: Spots vulnerable soft plaque CAC misses; monitors treatment effects (e.g., statins); AI-precision for early detection. | E5: Requires CT angiography; newer tech with less long-term data; anatomy-focused over pure function. | F5: Comprehensive evaluation in at-risk folks; tracking progress when symptoms or risks persist despite low CAC. Like examining the "intricate details" of plaque biology.

Sheet Sheet5
A1: - | B1: - | C1: TdTps vs. RankA - Theta | N1: - | O1: - | P1: TdTps vs. RankA - Omega | Z1: - | AA1: - | AB1: TdCac vs. RankA - Omega | AL1: - | AM1: - | AN1: TdCac vs. Id - Omega | BA1: - | BB1: - | BC1: TdTps vs. Id - Omega
A2: - | B2: - | C2: MeanY: 1.5409 moeY: 0.1296 StdDevY: 0.2040 Slope: 0.1604 StdErr: 0.1068 p-value: 0.163951 N=12 | N2: - | O2: - | P2: MeanY: 1.4442 moeY: 0.1894 StdDevY: 0.4978 Slope: 0.2487 StdErr: 0.1906 p-value: 0.202983 N=29 | Z2: - | AA2: - | AB2: MeanY: 6.0159 moeY: 0.7912 StdDevY: 2.3730 Slope: 0.9598 StdErr: 0.9248 p-value: 0.306427 N=37 | AL2: - | AM2: - | AN2: MeanX: 80.7027 moeX: 0.6730 StdDevX: 2.0184 Slope: 0.3004 StdErr: 1.1687 p-value: 0.798656 N=37 | BA2: - | BB2: - | BC2: MeanX: 80.8276 moeX: 0.8012 StdDevX: 2.1063 Slope: 0.0116 StdErr: 0.2447 p-value: 0.962392 N=29
A3: Id | B3: RankA | C3: TdTps | N3: Id | O3: RankA | P3: TdTps | Z3: Id | AA3: RankA | AB3: TdCac | AL3: Id | AM3: Id | AN3: TdCac | BA3: Id | BB3: Id | BC3: TdTps | BD3: TdTps x10
A4: 68 | B4: 5 | C4: 0.43067656 | N4: 94 | O4: 14 | P4: -5.1908931 | Z4: 77 | AA4: 10 | AB4: -35.299861 | AL4: 77 | AM4: 77 | AN4: -35.299861 | BA4: 94 | BB4: 94 | BC4: -5.1908931 | BD4: =Table33[[#This Row],[ TdTps]]*10 -> -51.908931
A5: 67 | B5: 6 | C5: 0.63092975 | N5: 95 | O5: 15 | P5: -5.1908931 | Z5: 63 | AA5: 11 | AB5: -7.5037595 | AL5: 63 | AM5: 63 | AN5: -7.5037595 | BA5: 95 | BB5: 95 | BC5: -5.1908931 | BD5: =Table33[[#This Row],[ TdTps]]*10 -> -51.908931
A6: 64 | B6: 7 | C6: 1 | N6: 89 | O6: 16 | P6: -3.1062837 | Z6: 66 | AA6: 12 | AB6: -1.7464846 | AL6: 66 | AM6: 66 | AN6: -1.7464846 | BA6: 89 | BB6: 89 | BC6: -3.1062837 | BD6: =Table33[[#This Row],[ TdTps]]*10 -> -31.062837
A7: 81 | B7: 8 | C7: 1.3569154 | N7: 68 | O7: 17 | P7: 0.43067656 | Z7: 74 | AA7: 13 | AB7: 0.55329476 | AL7: 74 | AM7: 74 | AN7: 0.55329476 | BA7: 68 | BB7: 68 | BC7: 0.43067656 | BD7: =Table33[[#This Row],[ TdTps]]*10 -> 4.3067656
A8: 71 | B8: 9 | C8: 1.7095113 | N8: 67 | O8: 18 | P8: 0.63092975 | Z8: 84 | AA8: 14 | AB8: 0.95985855 | AL8: 84 | AM8: 84 | AN8: 0.95985855 | BA8: 67 | BB8: 67 | BC8: 0.63092975 | BD8: =Table33[[#This Row],[ TdTps]]*10 -> 6.3092975
A9: 72 | B9: 10 | C9: 1.7095113 | N9: 88 | O9: 19 | P9: 0.7564708 | Z9: 67 | AA9: 15 | AB9: 1 | AL9: 67 | AM9: 67 | AN9: 1 | BA9: 88 | BB9: 88 | BC9: 0.7564708 | BD9: =Table33[[#This Row],[ TdTps]]*10 -> 7.564708
A10: 73 | B10: 11 | C10: 1.7095113 | N10: 63 | O10: 20 | P10: 1 | Z10: 79 | AA10: 16 | AB10: 1.0432097 | AL10: 79 | AM10: 79 | AN10: 1.0432097 | BA10: 63 | BB10: 63 | BC10: 1 | BD10: =Table33[[#This Row],[ TdTps]]*10 -> 10
A11: 74 | B11: 12 | C11: 1.7095113 | N11: 64 | O11: 21 | P11: 1 | Z11: 70 | AA11: 17 | AB11: 1.1792496 | AL11: 70 | AM11: 70 | AN11: 1.1792496 | BA11: 64 | BB11: 64 | BC11: 1 | BD11: =Table33[[#This Row],[ TdTps]]*10 -> 10
A12: 75 | B12: 13 | C12: 1.7095113 | N12: 65 | O12: 22 | P12: 1 | Z12: 71 | AA12: 18 | AB12: 1.3569154 | AL12: 71 | AM12: 71 | AN12: 1.3569154 | BA12: 65 | BB12: 65 | BC12: 1 | BD12: =Table33[[#This Row],[ TdTps]]*10 -> 10
A13: 87 | B13: 14 | C13: 1.7095113 | N13: 66 | O13: 23 | P13: 1 | Z13: 76 | AA13: 19 | AB13: 1.6509249 | AL13: 76 | AM13: 76 | AN13: 1.6509249 | BA13: 66 | BB13: 66 | BC13: 1 | BD13: =Table33[[#This Row],[ TdTps]]*10 -> 10
A14: 92 | B14: 15 | C14: 1.7095113 | N14: 81 | O14: 24 | P14: 1.3569154 | Z14: 62 | AA14: 20 | AB14: 1.659298 | AL14: 62 | AM14: 62 | AN14: 1.659298 | BA14: 81 | BB14: 81 | BC14: 1.3569154 | BD14: =Table33[[#This Row],[ TdTps]]*10 -> 13.569154
A15: 97 | B15: 16 | C15: 3.1062837 | N15: 71 | O15: 25 | P15: 1.7095113 | Z15: 57 | AA15: 21 | AB15: 1.7095113 | AL15: 57 | AM15: 57 | AN15: 1.7095113 | BA15: 71 | BB15: 71 | BC15: 1.7095113 | BD15: =Table33[[#This Row],[ TdTps]]*10 -> 17.095113
N16: 72 | O16: 26 | P16: 1.7095113 | Z16: 75 | AA16: 22 | AB16: 1.779743 | AL16: 75 | AM16: 75 | AN16: 1.779743 | BA16: 72 | BB16: 72 | BC16: 1.7095113 | BD16: =Table33[[#This Row],[ TdTps]]*10 -> 17.095113
N17: 73 | O17: 27 | P17: 1.7095113 | Z17: 80 | AA17: 23 | AB17: 1.8001193 | AL17: 80 | AM17: 80 | AN17: 1.8001193 | BA17: 73 | BB17: 73 | BC17: 1.7095113 | BD17: =Table33[[#This Row],[ TdTps]]*10 -> 17.095113
N18: 74 | O18: 28 | P18: 1.7095113 | Z18: 61 | AA18: 24 | AB18: 1.8849618 | AL18: 61 | AM18: 61 | AN18: 1.8849618 | BA18: 74 | BB18: 74 | BC18: 1.7095113 | BD18: =Table33[[#This Row],[ TdTps]]*10 -> 17.095113
N19: 75 | O19: 29 | P19: 1.7095113 | Z19: 72 | AA19: 25 | AB19: 1.9900484 | AL19: 72 | AM19: 72 | AN19: 1.9900484 | BA19: 75 | BB19: 75 | BC19: 1.7095113 | BD19: =Table33[[#This Row],[ TdTps]]*10 -> 17.095113
N20: 86 | O20: 30 | P20: 1.7095113 | Z20: 99 | AA20: 26 | AB20: 2.0510717 | AL20: 99 | AM20: 99 | AN20: 2.0510717 | BA20: 86 | BB20: 86 | BC20: 1.7095113 | BD20: =Table33[[#This Row],[ TdTps]]*10 -> 17.095113
N21: 87 | O21: 31 | P21: 1.7095113 | Z21: 96 | AA21: 27 | AB21: 2.1458241 | AL21: 96 | AM21: 96 | AN21: 2.1458241 | BA21: 87 | BB21: 87 | BC21: 1.7095113 | BD21: =Table33[[#This Row],[ TdTps]]*10 -> 17.095113
N22: 92 | O22: 32 | P22: 1.7095113 | Z22: 73 | AA22: 28 | AB22: 3.0366743 | AL22: 73 | AM22: 73 | AN22: 3.0366743 | BA22: 92 | BB22: 92 | BC22: 1.7095113 | BD22: =Table33[[#This Row],[ TdTps]]*10 -> 17.095113
N23: 98 | O23: 33 | P23: 1.7095113 | Z23: 98 | AA23: 29 | AB23: 3.5578537 | AL23: 98 | AM23: 98 | AN23: 3.5578537 | BA23: 98 | BB23: 98 | BC23: 1.7095113 | BD23: =Table33[[#This Row],[ TdTps]]*10 -> 17.095113
N24: 78 | O24: 34 | P24: 2.4094208 | Z24: 94 | AA24: 30 | AB24: 3.6975155 | AL24: 94 | AM24: 94 | AN24: 3.6975155 | BA24: 78 | BB24: 78 | BC24: 2.4094208 | BD24: =Table33[[#This Row],[ TdTps]]*10 -> 24.094208
N25: 79 | O25: 35 | P25: 2.4094208 | Z25: 86 | AA25: 31 | AB25: 3.7371233 | AL25: 86 | AM25: 86 | AN25: 3.7371233 | BA25: 79 | BB25: 79 | BC25: 2.4094208 | BD25: =Table33[[#This Row],[ TdTps]]*10 -> 24.094208
N26: 80 | O26: 36 | P26: 2.4094208 | Z26: 78 | AA26: 32 | AB26: 3.8452245 | AL26: 78 | AM26: 78 | AN26: 3.8452245 | BA26: 80 | BB26: 80 | BC26: 2.4094208 | BD26: =Table33[[#This Row],[ TdTps]]*10 -> 24.094208
N27: 83 | O27: 37 | P27: 3.1062837 | Z27: 100 | AA27: 33 | AB27: 4.7148141 | AL27: 100 | AM27: 100 | AN27: 4.7148141 | BA27: 83 | BB27: 83 | BC27: 3.1062837 | BD27: =Table33[[#This Row],[ TdTps]]*10 -> 31.062837
... N32: 100 | O32: 42 | P32: 9.3532067 | Z32: 88 | AA32: 38 | AB32: 5.422271 | AL32: 88 | AM32: 88 | AN32: 5.422271 | BA32: 100 | BB32: 100 | BC32: 9.3532067 | BD32: =Table33[[#This Row],[ TdTps]]*10 -> 93.532067
Z33: 83 | AA33: 39 | AB33: 5.7114559 | AL33: 83 | AM33: 83 | AN33: 5.7114559 | BA33: Regression Set Mean X moe X Mean Y moe Y Slope StdErr xStdDev yStdDev p-value
Z34: 95 | AA34: 40 | AB34: 7.0798502 | AL34: 95 | AM34: 95 | AN34: 7.0798502 | BA34: TdTps vs. Id Omega-29 80.828 0.801 1.444 0.189 0.0116 0.2447 2.1063 0.4978 0.962392017
Z35: 64 | AA35: 41 | AB35: 11.260086 | AL35: 64 | AM35: 64 | AN35: 11.260086 | BA35: TdTps vs. Id BetaUZeta-29 80.828 0.801 1.444 0.189 0.0116 0.2447 2.1063 0.4978 0.962392017
Z36: 91 | AA36: 42 | AB36: 16.841099 | AL36: 91 | AM36: 91 | AN36: 16.841099 | BA36: TdTps vs. Id Eta-11 86.455 1.533 3.080 0.477 0.1604 0.2946 2.2819 0.7098 0.599263456
Z37: 90 | AA37: 43 | AB37: 22.756573 | AL37: 90 | AM37: 90 | AN37: 22.756573 | BA37: TdTps vs. Id Alpha-23 81.391 0.931 2.277 0.163 0.1012 0.1500 2.1520 0.3776 0.507397977
Z38: 87 | AA38: 44 | AB38: 35.349374 | AL38: 87 | AM38: 87 | AN38: 35.349374 | BA38: TdTps vs. Id Beta-23 81.391 0.931 2.277 0.163 0.1012 0.1500 2.1520 0.3776 0.507397977
Z39: 92 | AA39: 45 | AB39: 41.241286 | AL39: 92 | AM39: 92 | AN39: 41.241286 | BA39: TdTps vs. Id Theta-12 76.750 1.984 1.541 0.130 0.0488 0.0476 3.1232 0.2040 0.330194686
Z40: 81 | AA40: 46 | AB40: 55.79763 | AL40: 81 | AM40: 81 | AN40: 55.79763 | BA40: TdTps vs. Id Zeta-6 78.667 7.275 -1.748 1.457 -0.1985 0.0329 6.9321 1.3886 0.00380054
Z41: Regression Set Mean X moe X Mean Y moe Y Slope StdErr xStdDev yStdDev p-value
Z42: TdCac vs. RankA Eta-17 9.000 0.649 4.493 0.641 0.6748 0.7684 1.2624 1.2474 0.393741656 | AL42: Regression Set Mean X moe X Mean Y moe Y Slope StdErr xStdDev yStdDev p-value
Z43: TdCac vs. RankA Alpha-32 22.500 0.607 8.011 0.840 0.9629 1.0246 1.6848 2.3294 0.354804194 | AL43: TdCac vs. Id Eta-17 85.824 1.258 4.493 0.641 0.1013 0.5320 2.4467 1.2474 0.851594147
Z44: TdCac vs. RankA Beta-32 22.500 0.607 8.011 0.840 0.9629 1.0246 1.6848 2.3294 0.354804194 | AL44: TdCac vs. Id Alpha-32 80.969 0.767 8.011 0.840 0.2477 1.1010 2.1283 2.3294 0.823527445
Z45: TdCac vs. RankA Omega-37 28.000 0.602 6.016 0.791 0.9598 0.9248 1.8041 2.3730 0.306426610 | AL45: TdCac vs. Id Beta-32 80.969 0.767 8.011 0.840 0.2477 1.1010 2.1283 2.3294 0.823527445
Z46: TdCac vs. RankA BetaUZeta-37 28.000 0.602 6.016 0.791 0.9598 0.9248 1.8041 2.3730 0.306426610 | AL46: TdCac vs. Id Omega-37 80.703 0.673 6.016 0.791 0.3004 1.1687 2.0184 2.3730 0.798655654
Z47: TdCac vs. RankA Theta-15 14.000 0.662 11.998 2.614 3.2042 2.4800 1.1952 4.7203 0.218840263 | AL47: TdCac vs. Id BetaUZeta-37 80.703 0.673 6.016 0.791 0.3004 1.1687 2.0184 2.3730 0.798655654
Z48: TdCac vs. RankA Zeta-5 6.000 0.982 -6.755 10.486 9.5961 6.0590 0.7906 8.4451 0.211409561 | AL48: TdCac vs. Id Zeta-5 79.000 9.364 -6.755 10.486 0.4199 1.3402 7.5416 8.4451 0.774564058
AL49: TdCac vs. Id Theta-15 75.467 1.754 11.998 2.614 0.7847 1.3613 3.1669 4.7203 0.574170564
AO52: Id | AP52: TdTps | AQ52: TdTps x10 | AR52: TdCac
AO53: 77 | AP53: 0 | AQ53: =AP53*5 -> 0 | AR53: -35.299861
AO54: 63 | AP54: 1 | AQ54: =AP54*5 -> 5 | AR54: -7.5037595
AO55: 66 | AP55: 1 | AQ55: =AP55*5 -> 5 | AR55: -1.7464846
AO56: 74 | AP56: 1.7095113 | AQ56: =AP56*5 -> 8.5475565 | AR56: 0.55329476
AO57: 84 | AP57: 3.1062837 | AQ57: =AP57*5 -> 15.531419 | AR57: 0.95985855
AO58: 67 | AP58: 0.63092975 | AQ58: =AP58*5 -> 3.1546488 | AR58: 1
AO59: 79 | AP59: 2.4094208 | AQ59: =AP59*5 -> 12.047104 | AR59: 1.0432097
AO60: 70 | AP60: 0 | AQ60: =AP60*5 -> 0 | AR60: 1.1792496
AO61: 71 | AP61: 1.7095113 | AQ61: =AP61*5 -> 8.5475565 | AR61: 1.3569154
AO62: 76 | AP62: 0 | AQ62: =AP62*5 -> 0 | AR62: 1.6509249
AO63: 62 | AP63: 0 | AQ63: =AP63*5 -> 0 | AR63: 1.659298
AO64: 57 | AP64: 0 | AQ64: =AP64*5 -> 0 | AR64: 1.7095113
... AO89: 81 | AP89: 1.3569154 | AQ89: =AP89*5 -> 6.7845772 | AR89: 55.79763
AO90: 89 | AP90: -3.1062837 | AQ90: =AP90*5 -> -15.531419
AO91: 68 | AP91: 0.43067656 | AQ91: =AP91*5 -> 2.1533828
AO92: 65 | AP92: 1 | AQ92: =AP92*5 -> 5
